MONTH;JOBTYPE;JOBFILE;CUSTOMER;MKT;REVENUE;COST;PROFIT;MARGIN;NEWCUSTOMER
01/01/2025;EXPORT AF;MOCK-01012025000001;PT. SEJAHTERA BUANA;PRASETYO;948623.72;630686.55;317937.17;33.5156;REGULAR
01/01/2025;EXPORT AF;MOCK-01012025000002;PT. WIRA BANGUNAN;HADI;697530.66;463748.9;233781.76;33.5156;REGULAR
01/01/2025;EXPORT AF;MOCK-01012025000003;PT. SEJATI BERKAT;WIJAYA;28002175.01;24026046.47;3976128.54;14.1994;REGULAR
01/01/2025;EXPORT AF;MOCK-01012025000004;PT. WIRA TAMBANG;PRASETYO;24119297.74;20694512.76;3424784.98;14.1994;REGULAR
01/01/2025;EXPORT AF;MOCK-01012025000005;CV. MAJU SENTRAL;HADI;1002985.3;283608.74;719376.56;71.7235;REGULAR
01/01/2025;EXPORT AF;MOCK-01012025000006;PT. SEJATI KIMIA;BUDIMAN;707545.37;200068.79;507476.58;71.7235;REGULAR
01/01/2025;MDP;MOCK-01012025000007;PT. PRIMA PANGAN;KUSUMA;152931694.45;139356322.99;13575371.46;8.8768;REGULAR
01/01/2025;MDP;MOCK-01012025000008;CV. WIRA TEKNIK;HADI;67718598.74;61707384.81;6011213.93;8.8768;REGULAR
01/01/2025;MDP;MOCK-01012025000009;CV. WANA TEKSTIL;PRASETYO;22656907.87;20635025.52;2021882.35;8.9239;REGULAR
01/01/2025;MDP;MOCK-01012025000010;PT. SUKSES SAMUDRA;BUDIMAN;25492301.76;23217391.37;2274910.39;8.9239;REGULAR
01/01/2025;MDP;MOCK-01012025000011;PT. PURI BUANA;TEJAKUSUMA;21893857.73;19243578.48;2650279.25;12.1051;REGULAR
01/01/2025;MDP;MOCK-01012025000012;CV. BINTANG TEKSTIL;WULANDARI;13677959.64;12022225.27;1655734.37;12.1051;REGULAR
01/01/2025;MDP;MOCK-01012025000013;CV. BERSAMA SENTRAL;WIJAYA;75988348.0;71280004.04;4708343.96;6.1961;REGULAR
01/01/2025;MDP;MOCK-01012025000014;PT. GADING OTOMOTIF;KUSUMA;92086852.97;86381023.21;5705829.76;6.1961;REGULAR
01/01/2025;MDP;MOCK-01012025000015;PT. CAHAYA TRANSPORT;PRASETYO;130578960.97;120648986.95;9929974.02;7.6046;REGULAR
01/01/2025;MDP;MOCK-01012025000016;CV. ASRI BUANA;BUDIMAN;70236963.83;64895741.78;5341222.05;7.6046;REGULAR
01/01/2025;MDP;MOCK-01012025000017;CV. SEJATI DIRGANTARA;HADI;19132528.94;17530056.02;1602472.92;8.3756;REGULAR
01/01/2025;MDP;MOCK-01012025000018;CV. NUSANTARA KREASI;FERNANDO;10316347.36;9452286.61;864060.75;8.3756;REGULAR
01/01/2025;MDP;MOCK-01012025000019;CV. DAYA PERTANIAN;HADI;21584948.55;19307994.74;2276953.81;10.5488;REGULAR
01/01/2025;MDP;MOCK-01012025000020;PT. PERMATA DIRGANTARA;BUDIMAN;31445597.55;28128463.25;3317134.3;10.5488;REGULAR
01/01/2025;MDP;MOCK-01012025000021;PT. NUSANTARA SENTRAL;HADI;68204926.07;63006106.24;5198819.83;7.6224;REGULAR
01/01/2025;MDP;MOCK-01012025000022;CV. PURI EDUKASI;WIJAYA;46743635.87;43180671.21;3562964.66;7.6224;REGULAR
01/01/2025;MDP;MOCK-01012025000023;PT. SENTOSA KEUANGAN;KUSUMA;2446017.1;1272064.87;1173952.23;47.9944;REGULAR
01/01/2025;MDP;MOCK-01012025000024;CV. SENTOSA SAMUDRA;HADI;1269010.51;659956.01;609054.5;47.9944;REGULAR
01/01/2025;MDP;MOCK-01012025000025;PT. GLOBAL TELKOM;FERNANDO;15546741.54;13494678.35;2052063.19;13.1993;REGULAR
01/01/2025;MDP;MOCK-01012025000026;PT. BAHARI TELKOM;PRASETYO;10072152.38;8742697.39;1329454.99;13.1993;REGULAR
01/01/2025;EXPORT FCL;MOCK-01012025000027;PT. WIRA MEDIA;SANTOSO;36690777.43;33506398.85;3184378.58;8.679;REGULAR
01/01/2025;EXPORT FCL;MOCK-01012025000028;CV. SEJAHTERA TEKNIK;WULANDARI;46031782.01;42036701.2;3995080.81;8.679;REGULAR
01/01/2025;MDP;MOCK-01012025000029;CV. HARMONI TRANSPORT;PRASETYO;352740.58;214183.72;138556.86;39.2801;REGULAR
01/01/2025;MDP;MOCK-01012025000030;PT. CEMERLANG DIRGANTARA;BUDIMAN;378331.99;229722.79;148609.2;39.2801;REGULAR
01/01/2025;MDP;MOCK-01012025000031;PT. AGUNG MARITIM;WIJAYA;348471.29;305387.7;43083.59;12.3636;REGULAR
01/01/2025;MDP;MOCK-01012025000032;CV. SEJATI KEUANGAN;PRASETYO;635484.54;556915.78;78568.76;12.3636;REGULAR
01/01/2025;MDP;MOCK-01012025000033;CV. JAYA KESEHATAN;WIJAYA;3715097.42;2975248.52;739848.9;19.9147;REGULAR
01/01/2025;MDP;MOCK-01012025000034;PT. SUKSES PERKASA;WULANDARI;2034389.1;1629247.5;405141.6;19.9147;REGULAR
01/01/2025;MDP;MOCK-01012025000035;PT. DAYA BERKAT;SANTOSO;572858.59;348397.11;224461.48;39.1827;REGULAR
01/01/2025;MDP;MOCK-01012025000036;PT. SUKSES PERKASA;SANTOSO;1364077.51;829595.05;534482.46;39.1827;REGULAR
01/01/2025;MDP;MOCK-01012025000037;PT. PERMATA PERSADA;KUSUMA;330035.17;200397.01;129638.16;39.2801;REGULAR
01/01/2025;MDP;MOCK-01012025000038;PT. WIRA INDUSTRI;TEJAKUSUMA;209768.93;127371.47;82397.46;39.2801;REGULAR
01/01/2025;MDP;MOCK-01012025000039;CV. INDAH DAGANG;BUDIMAN;188295.16;130516.71;57778.45;30.685;REGULAR
01/01/2025;MDP;MOCK-01012025000040;CV. PRIMA PERTANIAN;HADI;305037.14;211436.37;93600.77;30.685;REGULAR
01/02/2025;MDP;MOCK-01022025000041;PT. MULIA TRANSPORT;HADI;20017318.3;18468069.24;1549249.06;7.7395;REGULAR
01/02/2025;MDP;MOCK-01022025000042;PT. HARMONI DAGANG;PRASETYO;16889295.13;15582140.79;1307154.34;7.7395;REGULAR
01/02/2025;MDP;MOCK-01022025000043;PT. SARI USAHA;KUSUMA;58781616.85;51889910.84;6891706.01;11.7243;REGULAR
01/02/2025;MDP;MOCK-01022025000044;PT. DELIMA FURNITURE;SANTOSO;70354212.54;62105706.02;8248506.52;11.7243;REGULAR
01/02/2025;MDP;MOCK-01022025000045;PT. CEMERLANG PERSADA;FERNANDO;76430303.52;69565289.32;6865014.2;8.9821;REGULAR
01/02/2025;MDP;MOCK-01022025000046;CV. SEJATI PROPERTI;SANTOSO;56043280.08;51009440.16;5033839.92;8.9821;REGULAR
01/02/2025;MDP;MOCK-01022025000047;PT. PURI KREASI;TEJAKUSUMA;11137801.05;10362474.53;775326.52;6.9612;REGULAR
01/02/2025;MDP;MOCK-01022025000048;CV. NUSANTARA DAGANG;KUSUMA;10179710.5;9471078.74;708631.76;6.9612;REGULAR
01/02/2025;MDP;MOCK-01022025000049;PT. DAYA KEUANGAN;SANTOSO;57708974.03;50990202.42;6718771.61;11.6425;REGULAR
01/02/2025;MDP;MOCK-01022025000050;PT. MANDIRI MARITIM;WIJAYA;65635399.98;57993793.64;7641606.34;11.6425;REGULAR
01/02/2025;MDP;MOCK-01022025000051;PT. MANDIRI TELKOM;BUDIMAN;40236199.77;35240219.88;4995979.89;12.4166;REGULAR
01/02/2025;MDP;MOCK-01022025000052;PT. KARTIKA PERKASA;PRASETYO;26909900.65;23568597.96;3341302.69;12.4166;REGULAR
01/02/2025;MDP;MOCK-01022025000053;PT. DAYA DISTRIBUSI;BUDIMAN;93142463.58;82972754.42;10169709.16;10.9184;REGULAR
01/02/2025;MDP;MOCK-01022025000054;CV. GLOBAL ANUGRAH;WULANDARI;74848960.57;66676617.57;8172343.0;10.9184;REGULAR
01/02/2025;MDP;MOCK-01022025000055;CV. AGUNG ENERGI;TEJAKUSUMA;14454695.4;13264413.69;1190281.71;8.2346;REGULAR
01/02/2025;MDP;MOCK-01022025000056;PT. MAJU EDUKASI;BUDIMAN;10152585.92;9316564.33;836021.59;8.2346;REGULAR
01/02/2025;MDP;MOCK-01022025000057;PT. PERMATA KREASI;FERNANDO;39950175.03;36054407.51;3895767.52;9.7516;REGULAR
01/02/2025;MDP;MOCK-01022025000058;PT. HARMONI TEKSTIL;KUSUMA;18333807.18;16545973.95;1787833.23;9.7516;REGULAR
01/02/2025;MDP;MOCK-01022025000059;CV. WANA MEDIA;SANTOSO;18695703.73;16716918.14;1978785.59;10.5842;REGULAR
01/02/2025;MDP;MOCK-01022025000060;CV. MULIA INDUSTRI;KUSUMA;9852071.76;8809311.46;1042760.3;10.5842;REGULAR
01/02/2025;MDP;MOCK-01022025000061;PT. YASA KONSULTAN;KUSUMA;20674854.39;18853440.92;1821413.47;8.8098;REGULAR
01/02/2025;MDP;MOCK-01022025000062;PT. KENCANA ANUGRAH;KUSUMA;26589727.05;24247225.08;2342501.97;8.8098;REGULAR
01/02/2025;MDP;MOCK-01022025000063;CV. MANDIRI BANGUNAN;HADI;84778092.8;77290318.68;7487774.12;8.8322;REGULAR
01/02/2025;MDP;MOCK-01022025000064;PT. MAJU KIMIA;FERNANDO;72518480.45;66113500.31;6404980.14;8.8322;REGULAR
01/02/2025;EXPORT FCL;MOCK-01022025000065;CV. BINTANG KESEHATAN;WIJAYA;9093874.53;6901392.13;2192482.4;24.1094;REGULAR
01/02/2025;EXPORT FCL;MOCK-01022025000066;PT. SENTOSA PERKASA;FERNANDO;7886475.6;5985090.34;1901385.26;24.1094;REGULAR
01/02/2025;EXPORT FCL;MOCK-01022025000067;CV. DAYA KONSULTAN;HADI;7556672.15;6476440.72;1080231.43;14.2951;REGULAR
01/02/2025;EXPORT FCL;MOCK-01022025000068;CV. JAYA DISTRIBUSI;WULANDARI;8551843.05;7329351.26;1222491.79;14.2951;REGULAR
01/02/2025;EXPORT FCL;MOCK-01022025000069;PT. MULIA PANGAN;WIJAYA;54822237.5;51248294.99;3573942.51;6.5191;REGULAR
01/02/2025;EXPORT FCL;MOCK-01022025000070;CV. WANA KONSULTAN;PRASETYO;54048740.7;50525223.58;3523517.12;6.5191;REGULAR
01/02/2025;MDP;MOCK-01022025000071;PT. INDAH NIAGA;FERNANDO;302136.15;183275.73;118860.42;39.34;REGULAR
01/02/2025;MDP;MOCK-01022025000072;CV. INDAH PERSADA;KUSUMA;161065.2;97702.12;63363.08;39.34;REGULAR
01/02/2025;MDP;MOCK-01022025000073;PT. PURI DISTRIBUSI;TEJAKUSUMA;4897531.52;4523414.53;374116.99;7.6389;REGULAR
01/02/2025;MDP;MOCK-01022025000074;CV. PRIMA ENERGI;PRASETYO;4900852.18;4526481.53;374370.65;7.6389;REGULAR
01/02/2025;MDP;MOCK-01022025000075;PT. ASRI KIMIA;KUSUMA;10693725.07;9876843.29;816881.78;7.6389;REGULAR
01/02/2025;MDP;MOCK-01022025000076;CV. PRIMA TELKOM;HADI;9244999.65;8538784.39;706215.26;7.6389;REGULAR
01/02/2025;MDP;MOCK-01022025000077;CV. SEJAHTERA TEKNIK;KUSUMA;4486423.21;4143710.33;342712.88;7.6389;REGULAR
01/02/2025;MDP;MOCK-01022025000078;CV. ABADI FURNITURE;HADI;5591350.19;5164233.17;427117.02;7.6389;REGULAR
01/02/2025;MDP;MOCK-01022025000079;CV. SARI TELKOM;BUDIMAN;5462642.98;5045357.75;417285.23;7.6389;REGULAR
01/02/2025;MDP;MOCK-01022025000080;PT. GLOBAL DISTRIBUSI;HADI;3095994.66;2859495.07;236499.59;7.6389;REGULAR
01/02/2025;MDP;MOCK-01022025000081;PT. JAYA PERTANIAN;BUDIMAN;1894304.97;1484924.61;409380.36;21.6111;REGULAR
01/02/2025;MDP;MOCK-01022025000082;CV. WANA ELEKTRIK;BUDIMAN;1594745.84;1250103.54;344642.3;21.6111;REGULAR
01/02/2025;MDP;MOCK-01022025000083;CV. PERMATA ENERGI;HADI;20927451.09;18414994.64;2512456.45;12.0056;REGULAR
01/02/2025;MDP;MOCK-01022025000084;CV. YASA INDUSTRI;PRASETYO;23315170.91;20516055.46;2799115.45;12.0056;REGULAR
01/02/2025;MDP;MOCK-01022025000085;CV. BERKAH ENERGI;HADI;6393656.03;6044911.16;348744.87;5.4545;REGULAR
01/02/2025;MDP;MOCK-01022025000086;PT. BAHARI SAMUDRA;PRASETYO;5673417.17;5363958.05;309459.12;5.4545;REGULAR
01/02/2025;MDP;MOCK-01022025000087;CV. GADING KESEHATAN;TEJAKUSUMA;4990716.86;4269504.93;721211.93;14.4511;REGULAR
01/02/2025;MDP;MOCK-01022025000088;CV. BINTANG BANGUNAN;KUSUMA;4310748.62;3687799.37;622949.25;14.4511;REGULAR
01/02/2025;MDP;MOCK-01022025000089;CV. CEMERLANG PERSADA;KUSUMA;2843170.67;2368184.57;474986.1;16.7062;REGULAR
01/02/2025;MDP;MOCK-01022025000090;PT. NUSANTARA NIAGA;SANTOSO;2922433.94;2434205.95;488227.99;16.7062;REGULAR
01/02/2025;MDP;MOCK-01022025000091;CV. WANA PERKASA;TEJAKUSUMA;57195241.33;53811189.55;3384051.78;5.9167;REGULAR
01/02/2025;MDP;MOCK-01022025000092;PT. PURI DIRGANTARA;HADI;46533750.19;43780503.3;2753246.89;5.9167;REGULAR
01/02/2025;MDP;MOCK-01022025000093;PT. MULIA PERTANIAN;PRASETYO;2593649.51;2425516.02;168133.49;6.4825;REGULAR
01/02/2025;MDP;MOCK-01022025000094;CV. MANDIRI PERSADA;BUDIMAN;3670329.37;3432400.04;237929.33;6.4825;REGULAR
01/02/2025;MDP;MOCK-01022025000095;CV. SAKTI ELEKTRIK;TEJAKUSUMA;3501459.55;2998522.63;502936.92;14.3636;REGULAR
01/02/2025;MDP;MOCK-01022025000096;CV. YASA KESEHATAN;FERNANDO;3913719.62;3351567.16;562152.46;14.3636;REGULAR
01/02/2025;MDP;MOCK-01022025000097;CV. DELIMA KREASI;PRASETYO;4063260.37;3318329.3;744931.07;18.3333;REGULAR
01/02/2025;MDP;MOCK-01022025000098;CV. SAKTI DIRGANTARA;PRASETYO;2349039.69;1918382.41;430657.28;18.3333;REGULAR
01/02/2025;MDP;MOCK-01022025000099;PT. TUNAS PERSADA;KUSUMA;2601467.33;2416999.65;184467.68;7.0909;REGULAR
01/02/2025;MDP;MOCK-01022025000100;PT. AGUNG KONSULTAN;PRASETYO;2748333.12;2553451.32;194881.8;7.0909;REGULAR
01/02/2025;MDP;MOCK-01022025000101;PT. SEJATI PERKASA;HADI;2207877.91;2007161.73;200716.18;9.0909;REGULAR
01/02/2025;MDP;MOCK-01022025000102;CV. INDAH TRANSPORT;PRASETYO;3242466.97;2947697.23;294769.74;9.0909;REGULAR
01/02/2025;MDP;MOCK-01022025000103;CV. DAYA NIAGA;HADI;8026929.3;7413761.09;613168.21;7.6389;REGULAR
01/02/2025;MDP;MOCK-01022025000104;CV. BAHARI OTOMOTIF;HADI;8530088.0;7878484.06;651603.94;7.6389;REGULAR
01/03/2025;EXPORT AF;MOCK-01032025000105;PT. MUTIARA BERKAT;KUSUMA;23268203.45;19571847.31;3696356.14;15.8859;NEW CUSTOMER
01/03/2025;EXPORT AF;MOCK-01032025000106;PT. PURI KIMIA;HADI;30437493.41;25602233.31;4835260.1;15.8859;NEW CUSTOMER
01/03/2025;EXPORT AF;MOCK-01032025000107;CV. AGUNG KEUANGAN;SANTOSO;8774927.73;6625935.18;2148992.55;24.4901;NEW CUSTOMER
01/03/2025;EXPORT AF;MOCK-01032025000108;PT. CEMERLANG PERTANIAN;FERNANDO;8524966.82;6437190.05;2087776.77;24.4901;NEW CUSTOMER
01/03/2025;IMPORT AF;MOCK-01032025000109;PT. MANDIRI KREASI;HADI;362957.19;325180.11;37777.08;10.4081;REGULAR
01/03/2025;IMPORT AF;MOCK-01032025000110;CV. CAHAYA KIMIA;HADI;341418.9;305883.55;35535.35;10.4081;REGULAR
01/03/2025;MDP;MOCK-01032025000111;CV. GLOBAL BANGUNAN;TEJAKUSUMA;26296003.18;23849727.57;2446275.61;9.3028;REGULAR
01/03/2025;MDP;MOCK-01032025000112;PT. PRIMA BERKAT;BUDIMAN;64867910.06;58833350.91;6034559.15;9.3028;REGULAR
01/03/2025;MDP;MOCK-01032025000113;PT. SEJAHTERA PERSADA;PRASETYO;39998525.25;36246296.36;3752228.89;9.3809;REGULAR
01/03/2025;MDP;MOCK-01032025000114;PT. HARMONI INDUSTRI;TEJAKUSUMA;34928032.84;31651462.69;3276570.15;9.3809;REGULAR
01/03/2025;MDP;MOCK-01032025000115;PT. GADING KREASI;WULANDARI;45171916.55;41448724.22;3723192.33;8.2423;REGULAR
01/03/2025;MDP;MOCK-01032025000116;PT. BINTANG ENERGI;BUDIMAN;72966530.24;66952430.18;6014100.06;8.2423;REGULAR
01/03/2025;MDP;MOCK-01032025000117;CV. BUDI OTOMOTIF;HADI;19518304.54;17909404.48;1608900.06;8.243;REGULAR
01/03/2025;MDP;MOCK-01032025000118;PT. BERSAMA PERSADA;BUDIMAN;16210651.57;14874402.39;1336249.18;8.243;REGULAR
01/03/2025;MDP;MOCK-01032025000119;CV. KARTIKA TEKNIK;SANTOSO;12537952.11;11361076.27;1176875.84;9.3865;REGULAR
01/03/2025;MDP;MOCK-01032025000120;CV. JAYA PERKASA;WIJAYA;16982741.29;15388654.96;1594086.33;9.3865;REGULAR
01/03/2025;MDP;MOCK-01032025000121;PT. INDAH DIRGANTARA;BUDIMAN;14361225.32;12645753.88;1715471.44;11.9452;REGULAR
01/03/2025;MDP;MOCK-01032025000122;CV. GADING KONSULTAN;HADI;10401619.53;9159129.36;1242490.17;11.9452;REGULAR
01/03/2025;MDP;MOCK-01032025000123;CV. WANA KEUANGAN;TEJAKUSUMA;14928391.41;13208590.16;1719801.25;11.5203;NEW CUSTOMER
01/03/2025;MDP;MOCK-01032025000124;CV. CAHAYA PERSADA;BUDIMAN;12051468.42;10663098.44;1388369.98;11.5203;NEW CUSTOMER
01/03/2025;MDP;MOCK-01032025000125;CV. HARMONI EDUKASI;HADI;13964027.12;12947151.26;1016875.86;7.2821;REGULAR
01/03/2025;MDP;MOCK-01032025000126;CV. CAHAYA USAHA;TEJAKUSUMA;11889169.16;11023386.75;865782.41;7.2821;REGULAR
01/03/2025;MDP;MOCK-01032025000127;CV. KENCANA BUANA;KUSUMA;20026430.46;18285381.61;1741048.85;8.6938;REGULAR
01/03/2025;MDP;MOCK-01032025000128;PT. CEMERLANG PERSADA;HADI;18751518.98;17121307.82;1630211.16;8.6938;REGULAR
01/03/2025;MDP;MOCK-01032025000129;PT. INTAN DIRGANTARA;TEJAKUSUMA;100291826.26;90697722.18;9594104.08;9.5662;REGULAR
01/03/2025;MDP;MOCK-01032025000130;PT. TUNAS BERKAT;HADI;92446029.69;83602469.21;8843560.48;9.5662;REGULAR
01/03/2025;MDP;MOCK-01032025000131;CV. DAYA TEKSTIL;TEJAKUSUMA;16395401.19;15063325.48;1332075.71;8.1247;REGULAR
01/03/2025;MDP;MOCK-01032025000132;CV. SARI KIMIA;WULANDARI;18720261.64;17199298.2;1520963.44;8.1247;REGULAR
01/03/2025;MDP;MOCK-01032025000133;CV. BAHARI KREASI;PRASETYO;9691941.4;8934880.05;757061.35;7.8112;REGULAR
01/03/2025;MDP;MOCK-01032025000134;PT. CAHAYA TEKNIK;WIJAYA;22656387.62;20886641.51;1769746.11;7.8112;REGULAR
01/03/2025;MDP;MOCK-01032025000135;PT. KARYA ANUGRAH;TEJAKUSUMA;11265209.09;10349181.63;916027.46;8.1315;REGULAR
01/03/2025;MDP;MOCK-01032025000136;CV. MULIA DAGANG;KUSUMA;10554093.87;9695890.55;858203.32;8.1315;REGULAR
01/03/2025;MDP;MOCK-01032025000137;PT. BAHARI LOGISTIK;WIJAYA;10172686.82;9309554.24;863132.58;8.4848;REGULAR
01/03/2025;MDP;MOCK-01032025000138;PT. MANDIRI SAMUDRA;FERNANDO;18473518.09;16906076.2;1567441.89;8.4848;REGULAR
01/03/2025;MDP;MOCK-01032025000139;CV. MULIA LOGISTIK;KUSUMA;30339208.09;27834392.47;2504815.62;8.256;REGULAR
01/03/2025;MDP;MOCK-01032025000140;CV. KENCANA USAHA;SANTOSO;23550309.9;21605988.09;1944321.81;8.256;REGULAR
01/03/2025;MDP;MOCK-01032025000141;CV. SENTOSA PERKASA;HADI;234591121.0;213219635.02;21371485.98;9.1101;REGULAR
01/03/2025;MDP;MOCK-01032025000142;PT. NUSANTARA KONSULTAN;KUSUMA;138420692.13;125810428.49;12610263.64;9.1101;REGULAR
01/03/2025;MDP;MOCK-01032025000143;PT. SENTOSA TAMBANG;PRASETYO;42364540.23;39232783.88;3131756.35;7.3924;REGULAR
01/03/2025;MDP;MOCK-01032025000144;CV. DELIMA KESEHATAN;KUSUMA;45169810.5;41830677.34;3339133.16;7.3924;REGULAR
01/03/2025;MDP;MOCK-01032025000145;CV. BAHARI TRANSPORT;BUDIMAN;287960321.28;262402174.03;25558147.25;8.8756;REGULAR
01/03/2025;MDP;MOCK-01032025000146;PT. SEJATI KREASI;BUDIMAN;130704374.53;119103603.86;11600770.67;8.8756;REGULAR
01/03/2025;MDP;MOCK-01032025000147;PT. YASA PERKASA;FERNANDO;7825566.81;7174282.57;651284.24;8.3225;REGULAR
01/03/2025;MDP;MOCK-01032025000148;CV. KARTIKA MARITIM;KUSUMA;8292043.13;7601936.31;690106.82;8.3225;REGULAR
01/03/2025;MDP;MOCK-01032025000149;CV. TUNAS EDUKASI;BUDIMAN;21289595.81;19231667.63;2057928.18;9.6664;REGULAR
01/03/2025;MDP;MOCK-01032025000150;CV. DAYA DAGANG;HADI;11022827.37;9957321.6;1065505.77;9.6664;REGULAR
01/03/2025;EXPORT FCL;MOCK-01032025000151;PT. NUSANTARA BUANA;FERNANDO;19637976.11;13425723.96;6212252.15;31.6339;REGULAR
01/03/2025;EXPORT FCL;MOCK-01032025000152;PT. BAHARI SAMUDRA;TEJAKUSUMA;21457527.39;14669680.72;6787846.67;31.6339;REGULAR
01/03/2025;EXPORT FCL;MOCK-01032025000153;CV. ASRI BUANA;WIJAYA;11945028.21;9894847.89;2050180.32;17.1635;NEW CUSTOMER
01/03/2025;EXPORT FCL;MOCK-01032025000154;CV. CEMERLANG DISTRIBUSI;HADI;14179619.2;11745905.72;2433713.48;17.1635;NEW CUSTOMER
01/03/2025;EXPORT FCL;MOCK-01032025000155;CV. SEJAHTERA BANGUNAN;PRASETYO;13538446.89;8357062.75;5181384.14;38.2716;NEW CUSTOMER
01/03/2025;EXPORT FCL;MOCK-01032025000156;PT. MITRA DISTRIBUSI;FERNANDO;8987601.12;5547899.78;3439701.34;38.2716;NEW CUSTOMER
01/03/2025;EXPORT FCL;MOCK-01032025000157;CV. MITRA USAHA;HADI;47285232.89;40012269.53;7272963.36;15.381;REGULAR
01/03/2025;EXPORT FCL;MOCK-01032025000158;CV. CEMERLANG MARITIM;WULANDARI;37849867.39;32028161.92;5821705.47;15.381;REGULAR
01/03/2025;EXPORT FCL;MOCK-01032025000159;CV. MULIA SENTRAL;WULANDARI;2405635.95;1869381.35;536254.6;22.2916;REGULAR
01/03/2025;EXPORT FCL;MOCK-01032025000160;CV. TUNAS PROPERTI;WIJAYA;1416228.67;1100528.72;315699.95;22.2916;REGULAR
01/03/2025;EXPORT FCL;MOCK-01032025000161;PT. CAHAYA KREASI;WULANDARI;8271249.17;7179263.74;1091985.43;13.2022;REGULAR
01/03/2025;EXPORT FCL;MOCK-01032025000162;CV. PERMATA LOGISTIK;WIJAYA;12918439.66;11212923.65;1705516.01;13.2022;REGULAR
01/03/2025;EXPORT FCL;MOCK-01032025000163;PT. KARYA MEDIA;WULANDARI;8046696.57;7439545.86;607150.71;7.5453;NEW CUSTOMER
01/03/2025;EXPORT FCL;MOCK-01032025000164;CV. DELIMA TRANSPORT;PRASETYO;5498024.73;5083180.01;414844.72;7.5453;NEW CUSTOMER
01/03/2025;EXPORT FCL;MOCK-01032025000165;PT. TUNAS KESEHATAN;TEJAKUSUMA;1408016.98;946019.2;461997.78;32.8119;REGULAR
01/03/2025;EXPORT FCL;MOCK-01032025000166;PT. BINTANG ENERGI;WIJAYA;1163875.14;781985.05;381890.09;32.8119;REGULAR
01/03/2025;IMPORT FCL;MOCK-01032025000167;CV. CEMERLANG BERKAT;BUDIMAN;2128350.89;1708543.04;419807.85;19.7246;REGULAR
01/03/2025;IMPORT FCL;MOCK-01032025000168;PT. NUSANTARA DIRGANTARA;KUSUMA;2233333.35;1792818.17;440515.18;19.7246;REGULAR
01/03/2025;MDP;MOCK-01032025000169;CV. INDAH MARITIM;TEJAKUSUMA;1938821.42;1814952.37;123869.05;6.3889;REGULAR
01/03/2025;MDP;MOCK-01032025000170;PT. PURI DAGANG;WIJAYA;3248942.14;3041371.01;207571.13;6.3889;REGULAR
01/03/2025;MDP;MOCK-01032025000171;PT. BERSAMA BUANA;HADI;13787040.9;13026376.57;760664.33;5.5172;REGULAR
01/03/2025;MDP;MOCK-01032025000172;CV. MAJU SAMUDRA;KUSUMA;21955445.64;20744110.71;1211334.93;5.5172;REGULAR
01/03/2025;MDP;MOCK-01032025000173;CV. NUSANTARA KESEHATAN;WIJAYA;10013474.34;7129930.41;2883543.93;28.7966;REGULAR
01/03/2025;MDP;MOCK-01032025000174;CV. YASA KEUANGAN;HADI;9718497.01;6919896.62;2798600.39;28.7966;REGULAR
01/03/2025;MDP;MOCK-01032025000175;CV. KARYA PERSADA;HADI;1301217.96;1151090.29;150127.67;11.5375;REGULAR
01/03/2025;MDP;MOCK-01032025000176;CV. ABADI ELEKTRIK;TEJAKUSUMA;2137874.11;1891217.47;246656.64;11.5375;REGULAR
01/03/2025;MDP;MOCK-01032025000177;CV. PURI KONSULTAN;TEJAKUSUMA;4849878.91;4173927.03;675951.88;13.9375;REGULAR
01/03/2025;MDP;MOCK-01032025000178;PT. PERMATA KIMIA;BUDIMAN;4549799.1;3915670.85;634128.25;13.9375;REGULAR
01/03/2025;MDP;MOCK-01032025000179;CV. MULIA MEDIA;TEJAKUSUMA;2348576.07;2180581.18;167994.89;7.1531;REGULAR
01/03/2025;MDP;MOCK-01032025000180;PT. INDAH KONSULTAN;BUDIMAN;4418226.51;4102188.45;316038.06;7.1531;REGULAR
01/03/2025;MDP;MOCK-01032025000181;CV. KENCANA PROPERTI;BUDIMAN;4113615.75;3428013.13;685602.62;16.6667;REGULAR
01/03/2025;MDP;MOCK-01032025000182;CV. CAHAYA DIRGANTARA;WIJAYA;1630817.86;1359014.88;271802.98;16.6667;REGULAR
01/03/2025;MDP;MOCK-01032025000183;PT. HARMONI SAMUDRA;PRASETYO;6783380.76;5829467.85;953912.91;14.0625;REGULAR
01/03/2025;MDP;MOCK-01032025000184;CV. MULIA FURNITURE;TEJAKUSUMA;3625543.8;3115701.71;509842.09;14.0625;REGULAR
01/03/2025;MDP;MOCK-01032025000185;CV. SEJAHTERA DISTRIBUSI;WULANDARI;3882516.31;3397201.77;485314.54;12.5;REGULAR
01/03/2025;MDP;MOCK-01032025000186;CV. PRIMA TEKSTIL;HADI;1933763.76;1692043.29;241720.47;12.5;REGULAR
01/04/2025;IMPORT AF;MOCK-01042025000187;CV. BUDI USAHA;FERNANDO;11606207.9;11855355.98;-249148.08;-2.1467;NEW CUSTOMER
01/04/2025;IMPORT AF;MOCK-01042025000188;CV. WANA PERSADA;TEJAKUSUMA;24290226.12;24811659.42;-521433.3;-2.1467;NEW CUSTOMER
01/04/2025;IMPORT FCL;MOCK-01042025000189;PT. SUKSES EDUKASI;KUSUMA;5106341.13;4713302.81;393038.32;7.6971;NEW THIS MONTH
01/04/2025;IMPORT FCL;MOCK-01042025000190;PT. GADING SAMUDRA;WIJAYA;3501408.17;3231902.56;269505.61;7.6971;NEW THIS MONTH
01/04/2025;IMPORT FCL;MOCK-01042025000191;CV. PRIMA ENERGI;HADI;8145482.05;7180174.62;965307.43;11.8508;NEW THIS MONTH
01/04/2025;IMPORT FCL;MOCK-01042025000192;CV. BAHARI DAGANG;HADI;9261064.05;8163550.87;1097513.18;11.8508;NEW THIS MONTH
01/04/2025;IMPORT LCL;MOCK-01042025000193;PT. HARMONI OTOMOTIF;WULANDARI;20607313.7;18724878.7;1882435.0;9.1348;NEW THIS MONTH
01/04/2025;IMPORT LCL;MOCK-01042025000194;CV. SEJAHTERA PROPERTI;KUSUMA;9741736.09;8851848.88;889887.21;9.1348;NEW THIS MONTH
01/04/2025;EXPORT FCL;MOCK-01042025000195;PT. KARTIKA DIRGANTARA;KUSUMA;9497305.76;8379183.55;1118122.21;11.773;REGULAR
01/04/2025;EXPORT FCL;MOCK-01042025000196;PT. KARTIKA PANGAN;PRASETYO;8461598.16;7465410.28;996187.88;11.773;REGULAR
01/04/2025;EXPORT FCL;MOCK-01042025000197;CV. AGUNG FURNITURE;SANTOSO;939106.55;310903.43;628203.12;66.8937;REGULAR
01/04/2025;EXPORT FCL;MOCK-01042025000198;CV. ABADI TEKSTIL;FERNANDO;685097.77;226810.52;458287.25;66.8937;REGULAR
01/04/2025;EXPORT FCL;MOCK-01042025000199;CV. CAHAYA TAMBANG;FERNANDO;8292749.32;8172212.48;120536.84;1.4535;REGULAR
01/04/2025;EXPORT FCL;MOCK-01042025000200;CV. SAKTI TELKOM;KUSUMA;15743946.72;15515105.18;228841.54;1.4535;REGULAR
01/04/2025;EXPORT LCL;MOCK-01042025000201;CV. INTAN SAMUDRA;WULANDARI;3941593.64;3120251.74;821341.9;20.8378;NEW CUSTOMER
01/04/2025;EXPORT LCL;MOCK-01042025000202;CV. BERSAMA KONSULTAN;PRASETYO;4110556.49;3254006.43;856550.06;20.8378;NEW CUSTOMER
01/04/2025;MDP;MOCK-01042025000203;CV. YASA TEKSTIL;BUDIMAN;21058711.22;18854965.3;2203745.92;10.4648;REGULAR
01/04/2025;MDP;MOCK-01042025000204;PT. GLOBAL KEUANGAN;BUDIMAN;15578247.56;13948019.62;1630227.94;10.4648;REGULAR
01/04/2025;MDP;MOCK-01042025000205;CV. DAYA OTOMOTIF;WULANDARI;9324127.33;8178751.86;1145375.47;12.284;REGULAR
01/04/2025;MDP;MOCK-01042025000206;PT. INTAN NIAGA;WIJAYA;12690861.3;11131916.34;1558944.96;12.284;REGULAR
01/04/2025;MDP;MOCK-01042025000207;PT. BERSAMA EDUKASI;KUSUMA;9205064.16;7182974.89;2022089.27;21.9671;REGULAR
01/04/2025;MDP;MOCK-01042025000208;PT. AGUNG DISTRIBUSI;SANTOSO;6442719.69;5027438.48;1415281.21;21.9671;REGULAR
01/04/2025;MDP;MOCK-01042025000209;CV. SENTOSA FURNITURE;PRASETYO;64652883.37;58105727.31;6547156.06;10.1266;REGULAR
01/04/2025;MDP;MOCK-01042025000210;PT. PURI EDUKASI;WULANDARI;54550226.14;49026128.45;5524097.69;10.1266;REGULAR
01/04/2025;MDP;MOCK-01042025000211;CV. DAYA KONSULTAN;HADI;402703428.16;373935599.25;28767828.91;7.1437;REGULAR
01/04/2025;MDP;MOCK-01042025000212;CV. WANA TAMBANG;KUSUMA;185749941.55;172480567.2;13269374.35;7.1437;REGULAR
01/04/2025;MDP;MOCK-01042025000213;CV. SEJATI KESEHATAN;TEJAKUSUMA;20457486.47;18932276.16;1525210.31;7.4555;REGULAR
01/04/2025;MDP;MOCK-01042025000214;CV. MULIA TEKSTIL;WIJAYA;19768418.25;18294581.5;1473836.75;7.4555;REGULAR
01/04/2025;MDP;MOCK-01042025000215;CV. MANDIRI PROPERTI;KUSUMA;43802423.4;39959734.65;3842688.75;8.7728;REGULAR
01/04/2025;MDP;MOCK-01042025000216;PT. GADING BANGUNAN;PRASETYO;72497538.04;66137490.99;6360047.05;8.7728;REGULAR
01/04/2025;MDP;MOCK-01042025000217;PT. MANDIRI KIMIA;PRASETYO;124864615.05;109209987.56;15654627.49;12.5373;REGULAR
01/04/2025;MDP;MOCK-01042025000218;PT. BERSAMA ANUGRAH;PRASETYO;110123289.24;96316823.17;13806466.07;12.5373;REGULAR
01/04/2025;MDP;MOCK-01042025000219;PT. KENCANA KONSULTAN;SANTOSO;94776401.65;86223966.71;8552434.94;9.0238;REGULAR
01/04/2025;MDP;MOCK-01042025000220;PT. AGUNG KEUANGAN;KUSUMA;158333269.53;144045588.6;14287680.93;9.0238;REGULAR
01/04/2025;MDP;MOCK-01042025000221;PT. SEJAHTERA INDUSTRI;SANTOSO;8878071.31;8130909.47;747161.84;8.4158;REGULAR
01/04/2025;MDP;MOCK-01042025000222;PT. DAYA ELEKTRIK;SANTOSO;6974727.3;6387747.32;586979.98;8.4158;REGULAR
01/04/2025;MDP;MOCK-01042025000223;PT. AGUNG TAMBANG;WIJAYA;93347151.99;86631427.68;6715724.31;7.1944;REGULAR
01/04/2025;MDP;MOCK-01042025000224;PT. INTAN KESEHATAN;WULANDARI;154131808.81;143043021.28;11088787.53;7.1944;REGULAR
01/04/2025;MDP;MOCK-01042025000225;PT. DELIMA TELKOM;PRASETYO;19488819.51;16926923.17;2561896.34;13.1455;REGULAR
01/04/2025;MDP;MOCK-01042025000226;PT. SAKTI ENERGI;TEJAKUSUMA;15415884.24;13389394.26;2026489.98;13.1455;REGULAR
01/04/2025;MDP;MOCK-01042025000227;PT. MANDIRI MARITIM;HADI;4145709.48;3849164.7;296544.78;7.1531;REGULAR
01/04/2025;MDP;MOCK-01042025000228;PT. MUTIARA KESEHATAN;BUDIMAN;6262678.08;5814705.42;447972.66;7.1531;REGULAR
01/05/2025;EXPORT AF;MOCK-01052025000229;CV. KARTIKA KONSULTAN;BUDIMAN;36055581.18;25124697.23;10930883.95;30.3168;REGULAR
01/05/2025;EXPORT AF;MOCK-01052025000230;CV. PURI MEDIA;KUSUMA;54914125.81;38265942.17;16648183.64;30.3168;REGULAR
01/05/2025;EXPORT AF;MOCK-01052025000231;CV. MULIA TEKNIK;WIJAYA;27037347.63;16558243.28;10479104.35;38.7579;REGULAR
01/05/2025;EXPORT AF;MOCK-01052025000232;PT. SARI KESEHATAN;PRASETYO;20237784.54;12394047.1;7843737.44;38.7579;REGULAR
01/05/2025;MDP;MOCK-01052025000233;CV. ASRI TAMBANG;BUDIMAN;55145972.27;49331467.9;5814504.37;10.5438;REGULAR
01/05/2025;MDP;MOCK-01052025000234;CV. GLOBAL TEKSTIL;FERNANDO;80547083.65;72054326.14;8492757.51;10.5438;REGULAR
01/05/2025;MDP;MOCK-01052025000235;CV. BERSAMA BANGUNAN;BUDIMAN;11548630.96;10189974.79;1358656.17;11.7647;REGULAR
01/05/2025;MDP;MOCK-01052025000236;PT. JAYA INDUSTRI;WIJAYA;10901357.91;9618851.16;1282506.75;11.7647;REGULAR
01/05/2025;MDP;MOCK-01052025000237;CV. SENTOSA TAMBANG;WULANDARI;16091718.24;14737469.39;1354248.85;8.4158;REGULAR
01/05/2025;MDP;MOCK-01052025000238;CV. MANDIRI SAMUDRA;KUSUMA;9976977.95;9137334.18;839643.77;8.4158;REGULAR
01/05/2025;MDP;MOCK-01052025000239;PT. NUSANTARA MARITIM;PRASETYO;70690626.15;62781896.35;7908729.8;11.1878;REGULAR
01/05/2025;MDP;MOCK-01052025000240;CV. YASA TEKSTIL;BUDIMAN;66248088.0;58836380.74;7411707.26;11.1878;REGULAR
01/05/2025;MDP;MOCK-01052025000241;PT. SARI NIAGA;KUSUMA;53739711.74;44879521.51;8860190.23;16.4872;REGULAR
01/05/2025;MDP;MOCK-01052025000242;CV. BAHARI KIMIA;WULANDARI;51418500.18;42941013.44;8477486.74;16.4872;REGULAR
01/05/2025;MDP;MOCK-01052025000243;PT. BUDI PROPERTI;BUDIMAN;162860020.83;154613635.81;8246385.02;5.0635;REGULAR
01/05/2025;MDP;MOCK-01052025000244;PT. CEMERLANG MEDIA;PRASETYO;222312936.4;211056164.72;11256771.68;5.0635;REGULAR
01/05/2025;MDP;MOCK-01052025000245;CV. KENCANA SENTRAL;WULANDARI;140187994.97;126893334.41;13294660.56;9.4835;REGULAR
01/05/2025;MDP;MOCK-01052025000246;CV. BUDI BANGUNAN;SANTOSO;113233367.05;102494935.58;10738431.47;9.4835;REGULAR
01/05/2025;MDP;MOCK-01052025000247;PT. CEMERLANG BUANA;TEJAKUSUMA;20452760.08;18256759.77;2196000.31;10.7369;REGULAR
01/05/2025;MDP;MOCK-01052025000248;CV. KARTIKA KESEHATAN;HADI;13609492.54;12148249.67;1461242.87;10.7369;REGULAR
01/05/2025;MDP;MOCK-01052025000249;PT. PRIMA PERTANIAN;BUDIMAN;11216677.39;9787806.41;1428870.98;12.7388;REGULAR
01/05/2025;MDP;MOCK-01052025000250;CV. SAKTI ENERGI;SANTOSO;10318364.85;9003928.17;1314436.68;12.7388;REGULAR
01/05/2025;MDP;MOCK-01052025000251;PT. MAJU ANUGRAH;KUSUMA;22904756.89;20514668.97;2390087.92;10.4349;NEW CUSTOMER
01/05/2025;MDP;MOCK-01052025000252;PT. GLOBAL SAMUDRA;WULANDARI;9825194.78;8799945.76;1025249.02;10.4349;NEW CUSTOMER
01/05/2025;MDP;MOCK-01052025000253;CV. SARI USAHA;FERNANDO;14399803.62;12645653.56;1754150.06;12.1818;REGULAR
01/05/2025;MDP;MOCK-01052025000254;PT. PERMATA PANGAN;BUDIMAN;14675686.75;12887929.25;1787757.5;12.1818;REGULAR
01/05/2025;MDP;MOCK-01052025000255;PT. SARI NIAGA;TEJAKUSUMA;17977008.1;16255752.18;1721255.92;9.5748;REGULAR
01/05/2025;MDP;MOCK-01052025000256;CV. BUDI PERTANIAN;HADI;15299568.93;13834671.47;1464897.46;9.5748;REGULAR
01/05/2025;MDP;MOCK-01052025000257;CV. TUNAS TEKNIK;HADI;54466536.31;48357992.53;6108543.78;11.2152;REGULAR
01/05/2025;MDP;MOCK-01052025000258;CV. BINTANG EDUKASI;WULANDARI;61501380.71;54603863.41;6897517.3;11.2152;REGULAR
01/05/2025;MDP;MOCK-01052025000259;PT. HARMONI PERTANIAN;HADI;80599143.6;73097741.61;7501401.99;9.307;REGULAR
01/05/2025;MDP;MOCK-01052025000260;CV. BAHARI KIMIA;PRASETYO;65573314.17;59470373.53;6102940.64;9.307;REGULAR
01/05/2025;MDP;MOCK-01052025000261;PT. BERSAMA TELKOM;BUDIMAN;13217678.5;12128747.44;1088931.06;8.2384;REGULAR
01/05/2025;MDP;MOCK-01052025000262;PT. PRIMA PANGAN;FERNANDO;9442770.64;8664833.25;777937.39;8.2384;REGULAR
01/05/2025;MDP;MOCK-01052025000263;PT. GLOBAL DAGANG;FERNANDO;66653757.34;59391398.3;7262359.04;10.8956;REGULAR
01/05/2025;MDP;MOCK-01052025000264;PT. BERKAH DIRGANTARA;TEJAKUSUMA;75846883.7;67582873.94;8264009.76;10.8956;REGULAR
01/05/2025;MDP;MOCK-01052025000265;CV. BUDI ELEKTRIK;WULANDARI;4121754.81;3302703.49;819051.32;19.8714;NEW CUSTOMER
01/05/2025;MDP;MOCK-01052025000266;PT. INTAN KESEHATAN;KUSUMA;8208145.54;6577070.25;1631075.29;19.8714;NEW CUSTOMER
01/05/2025;MDP;MOCK-01052025000267;PT. PRIMA TELKOM;BUDIMAN;22534859.56;19949889.04;2584970.52;11.471;REGULAR
01/05/2025;MDP;MOCK-01052025000268;CV. ABADI TRANSPORT;WULANDARI;37030239.22;32782505.77;4247733.45;11.471;REGULAR
01/05/2025;MDP;MOCK-01052025000269;PT. CEMERLANG TELKOM;HADI;16512422.91;15449570.62;1062852.29;6.4367;REGULAR
01/05/2025;MDP;MOCK-01052025000270;PT. DELIMA DAGANG;WULANDARI;18953051.5;17733103.69;1219947.81;6.4367;REGULAR
01/05/2025;MDP;MOCK-01052025000271;PT. MANDIRI KESEHATAN;BUDIMAN;6339834.03;5886988.75;452845.28;7.1429;REGULAR
01/05/2025;MDP;MOCK-01052025000272;CV. CEMERLANG TELKOM;FERNANDO;2607290.72;2421055.67;186235.05;7.1429;REGULAR
01/05/2025;MDP;MOCK-01052025000273;CV. DELIMA MEDIA;WIJAYA;3146414.8;2541335.03;605079.77;19.2308;REGULAR
01/05/2025;MDP;MOCK-01052025000274;CV. JAYA SAMUDRA;HADI;2576456.62;2080984.19;495472.43;19.2308;REGULAR
01/05/2025;MDP;MOCK-01052025000275;CV. KARTIKA TRANSPORT;WULANDARI;61813660.68;55870039.46;5943621.22;9.6154;REGULAR
01/05/2025;MDP;MOCK-01052025000276;PT. YASA OTOMOTIF;KUSUMA;82139315.39;74241304.3;7898011.09;9.6154;REGULAR
01/05/2025;MDP;MOCK-01052025000277;PT. KENCANA BANGUNAN;FERNANDO;86077958.58;76333284.03;9744674.55;11.3208;REGULAR
01/05/2025;MDP;MOCK-01052025000278;CV. ASRI INDUSTRI;BUDIMAN;49188163.43;43619692.1;5568471.33;11.3208;REGULAR
01/05/2025;MDP;MOCK-01052025000279;CV. KENCANA INDUSTRI;WIJAYA;3052234.52;2685966.38;366268.14;12.0;REGULAR
01/05/2025;MDP;MOCK-01052025000280;CV. PERMATA TEKSTIL;SANTOSO;4436493.77;3904114.51;532379.26;12.0;REGULAR
01/05/2025;MDP;MOCK-01052025000281;PT. SEJATI KIMIA;TEJAKUSUMA;3848627.4;3609069.98;239557.42;6.2245;REGULAR
01/05/2025;MDP;MOCK-01052025000282;PT. NUSANTARA PERKASA;KUSUMA;7477116.76;7011704.39;465412.37;6.2245;REGULAR
01/05/2025;MDP;MOCK-01052025000283;PT. PERMATA KEUANGAN;WIJAYA;438490.37;269200.5;169289.87;38.6074;REGULAR
01/05/2025;MDP;MOCK-01052025000284;CV. WANA INDUSTRI;HADI;533491.16;327523.93;205967.23;38.6074;REGULAR
01/05/2025;EXPORT FCL;MOCK-01052025000285;PT. WANA SENTRAL;TEJAKUSUMA;2332577.6;2177875.44;154702.16;6.6322;REGULAR
01/05/2025;EXPORT FCL;MOCK-01052025000286;CV. HARMONI KESEHATAN;KUSUMA;5373073.88;5016718.67;356355.21;6.6322;REGULAR
01/05/2025;EXPORT FCL;MOCK-01052025000287;CV. SUKSES KEUANGAN;PRASETYO;79332990.63;67062268.93;12270721.7;15.4674;REGULAR
01/05/2025;EXPORT FCL;MOCK-01052025000288;CV. KARYA TEKSTIL;TEJAKUSUMA;94250740.56;79672636.32;14578104.24;15.4674;REGULAR
01/05/2025;EXPORT FCL;MOCK-01052025000289;CV. PURI TELKOM;WIJAYA;7865809.17;6740935.9;1124873.27;14.3008;NEW CUSTOMER
01/05/2025;EXPORT FCL;MOCK-01052025000290;PT. KARYA INDUSTRI;KUSUMA;4727904.83;4051776.84;676127.99;14.3008;NEW CUSTOMER
01/05/2025;IMPORT FCL;MOCK-01052025000291;CV. JAYA FURNITURE;WIJAYA;58429329.98;33754362.51;24674967.47;42.2304;REGULAR
01/05/2025;IMPORT FCL;MOCK-01052025000292;CV. CEMERLANG SENTRAL;KUSUMA;41052012.86;23715564.16;17336448.7;42.2304;REGULAR
01/05/2025;IMPORT FCL;MOCK-01052025000293;PT. SARI BANGUNAN;PRASETYO;2754702.23;2093573.69;661128.54;24.0;REGULAR
01/05/2025;IMPORT FCL;MOCK-01052025000294;CV. SEJAHTERA TAMBANG;SANTOSO;1875489.96;1425372.37;450117.59;24.0;REGULAR
01/06/2025;EXPORT AF;MOCK-01062025000295;CV. HARMONI OTOMOTIF;BUDIMAN;5811094.23;5239535.43;571558.8;9.8356;REGULAR
01/06/2025;EXPORT AF;MOCK-01062025000296;PT. CAHAYA FURNITURE;WULANDARI;8577238.39;7733611.38;843627.01;9.8356;REGULAR
01/06/2025;EXPORT AF;MOCK-01062025000297;PT. ABADI SAMUDRA;TEJAKUSUMA;325001197.64;261038224.18;63962973.46;19.6808;REGULAR
01/06/2025;EXPORT AF;MOCK-01062025000298;PT. INTAN KESEHATAN;SANTOSO;382004906.09;306823122.61;75181783.48;19.6808;REGULAR
01/06/2025;EXPORT LCL;MOCK-01062025000299;PT. GLOBAL ANUGRAH;FERNANDO;44629308.29;24102465.49;20526842.8;45.9941;REGULAR
01/06/2025;EXPORT LCL;MOCK-01062025000300;CV. SENTOSA SAMUDRA;PRASETYO;34091036.34;18411175.5;15679860.84;45.9941;REGULAR
01/06/2025;EXPORT FCL;MOCK-01062025000301;PT. HARMONI TAMBANG;TEJAKUSUMA;297572.45;258759.58;38812.87;13.0432;REGULAR
01/06/2025;EXPORT FCL;MOCK-01062025000302;CV. KARTIKA KEUANGAN;SANTOSO;598497.38;520434.37;78063.01;13.0432;REGULAR
01/06/2025;EXPORT FCL;MOCK-01062025000303;PT. NUSANTARA SAMUDRA;HADI;1416198.2;990699.3;425498.9;30.0452;REGULAR
01/06/2025;EXPORT FCL;MOCK-01062025000304;CV. HARMONI TAMBANG;FERNANDO;3287675.03;2299888.06;987786.97;30.0452;REGULAR
01/06/2025;EXPORT FCL;MOCK-01062025000305;PT. SAKTI TEKSTIL;BUDIMAN;227014.04;113507.02;113507.02;50.0;REGULAR
01/06/2025;EXPORT FCL;MOCK-01062025000306;PT. PURI MARITIM;SANTOSO;177385.83;88692.91;88692.92;50.0;REGULAR
01/06/2025;EXPORT FCL;MOCK-01062025000307;CV. GLOBAL NIAGA;WULANDARI;18585375.14;16345739.03;2239636.11;12.0505;REGULAR
01/06/2025;EXPORT FCL;MOCK-01062025000308;CV. HARMONI FURNITURE;WULANDARI;9136183.14;8035224.7;1100958.44;12.0505;REGULAR
01/06/2025;EXPORT FCL;MOCK-01062025000309;CV. WIRA KIMIA;FERNANDO;2008327.11;1338884.73;669442.38;33.3333;NEW CUSTOMER
01/06/2025;EXPORT FCL;MOCK-01062025000310;CV. INTAN USAHA;FERNANDO;850048.08;566698.72;283349.36;33.3333;NEW CUSTOMER
01/06/2025;EXPORT FCL;MOCK-01062025000311;CV. ABADI SAMUDRA;PRASETYO;987847.45;747941.63;239905.82;24.2857;REGULAR
01/06/2025;EXPORT FCL;MOCK-01062025000312;PT. ABADI ELEKTRIK;KUSUMA;1844487.88;1396540.82;447947.06;24.2857;REGULAR
01/06/2025;MDP;MOCK-01062025000313;CV. GLOBAL DISTRIBUSI;PRASETYO;10874680.45;10028269.44;846411.01;7.7833;REGULAR
01/06/2025;MDP;MOCK-01062025000314;PT. KENCANA BUANA;BUDIMAN;17974478.66;16575467.75;1399010.91;7.7833;REGULAR
01/06/2025;MDP;MOCK-01062025000315;CV. ASRI KESEHATAN;HADI;44135004.0;40212475.44;3922528.56;8.8876;REGULAR
01/06/2025;MDP;MOCK-01062025000316;PT. MUTIARA DIRGANTARA;WULANDARI;74921577.93;68262871.63;6658706.3;8.8876;REGULAR
01/06/2025;MDP;MOCK-01062025000317;CV. CEMERLANG PERTANIAN;BUDIMAN;13091939.92;11754743.96;1337195.96;10.2139;REGULAR
01/06/2025;MDP;MOCK-01062025000318;PT. WIRA SAMUDRA;WULANDARI;8477450.0;7611572.83;865877.17;10.2139;REGULAR
01/06/2025;MDP;MOCK-01062025000319;CV. TUNAS ENERGI;TEJAKUSUMA;15950145.07;14409931.8;1540213.27;9.6564;REGULAR
01/06/2025;MDP;MOCK-01062025000320;CV. BINTANG KESEHATAN;WULANDARI;13700851.76;12377839.74;1323012.02;9.6564;REGULAR
01/06/2025;MDP;MOCK-01062025000321;CV. WANA PERTANIAN;KUSUMA;14222993.32;12990481.54;1232511.78;8.6656;NEW CUSTOMER
01/06/2025;MDP;MOCK-01062025000322;PT. BERSAMA PROPERTI;WULANDARI;12645461.84;11549653.08;1095808.76;8.6656;NEW CUSTOMER
01/06/2025;MDP;MOCK-01062025000323;PT. SEJAHTERA KONSULTAN;TEJAKUSUMA;46227654.26;40866097.88;5361556.38;11.5982;REGULAR
01/06/2025;MDP;MOCK-01062025000324;PT. HARMONI TEKSTIL;WULANDARI;76313326.41;67462386.24;8850940.17;11.5982;REGULAR
01/06/2025;MDP;MOCK-01062025000325;PT. KARTIKA KONSULTAN;TEJAKUSUMA;18397300.97;17463025.24;934275.73;5.0783;REGULAR
01/06/2025;MDP;MOCK-01062025000326;CV. DELIMA PERKASA;FERNANDO;13072180.91;12408332.37;663848.54;5.0783;REGULAR
01/06/2025;MDP;MOCK-01062025000327;CV. CAHAYA BUANA;PRASETYO;15141033.55;13954072.63;1186960.92;7.8394;REGULAR
01/06/2025;MDP;MOCK-01062025000328;PT. BERKAH DIRGANTARA;WIJAYA;9195290.17;8474437.79;720852.38;7.8394;REGULAR
01/06/2025;MDP;MOCK-01062025000329;PT. GLOBAL KREASI;TEJAKUSUMA;54224239.07;51293654.96;2930584.11;5.4046;REGULAR
01/06/2025;MDP;MOCK-01062025000330;CV. MUTIARA DAGANG;BUDIMAN;48241416.78;45634178.17;2607238.61;5.4046;REGULAR
01/06/2025;MDP;MOCK-01062025000331;PT. DELIMA USAHA;TEJAKUSUMA;24062034.16;21839985.75;2222048.41;9.2347;REGULAR
01/06/2025;MDP;MOCK-01062025000332;CV. PRIMA PERKASA;WIJAYA;16748408.85;15201749.28;1546659.57;9.2347;REGULAR
01/06/2025;MDP;MOCK-01062025000333;CV. BINTANG USAHA;WULANDARI;15004965.48;13477641.76;1527323.72;10.1788;NEW CUSTOMER
01/06/2025;MDP;MOCK-01062025000334;PT. KARYA INDUSTRI;PRASETYO;19193945.94;17240234.75;1953711.19;10.1788;NEW CUSTOMER
01/06/2025;MDP;MOCK-01062025000335;PT. JAYA TEKSTIL;TEJAKUSUMA;18304500.07;16586818.77;1717681.3;9.3839;REGULAR
01/06/2025;MDP;MOCK-01062025000336;PT. WANA BANGUNAN;BUDIMAN;11363117.97;10296811.04;1066306.93;9.3839;REGULAR
01/06/2025;MDP;MOCK-01062025000337;CV. SAKTI TAMBANG;HADI;21741048.76;18910498.91;2830549.85;13.0194;REGULAR
01/06/2025;MDP;MOCK-01062025000338;PT. AGUNG ELEKTRIK;BUDIMAN;15607063.34;13575120.39;2031942.95;13.0194;REGULAR
01/06/2025;MDP;MOCK-01062025000339;CV. AGUNG USAHA;FERNANDO;10250450.48;9195072.5;1055377.98;10.2959;REGULAR
01/06/2025;MDP;MOCK-01062025000340;PT. SENTOSA MEDIA;FERNANDO;8838169.83;7928199.12;909970.71;10.2959;REGULAR
01/06/2025;MDP;MOCK-01062025000341;PT. CAHAYA BERKAT;WULANDARI;104987406.4;94580153.13;10407253.27;9.9129;REGULAR
01/06/2025;MDP;MOCK-01062025000342;CV. CEMERLANG KREASI;PRASETYO;82326831.39;74165888.9;8160942.49;9.9129;REGULAR
01/06/2025;MDP;MOCK-01062025000343;CV. AGUNG ENERGI;WIJAYA;16900835.43;15167236.93;1733598.5;10.2575;REGULAR
01/06/2025;MDP;MOCK-01062025000344;PT. DAYA KONSULTAN;FERNANDO;33000701.31;29615663.54;3385037.77;10.2575;REGULAR
01/06/2025;MDP;MOCK-01062025000345;CV. BUDI DISTRIBUSI;SANTOSO;64794493.85;59901639.31;4892854.54;7.5513;REGULAR
01/06/2025;MDP;MOCK-01062025000346;CV. SEJATI TAMBANG;SANTOSO;111260887.98;102859196.59;8401691.39;7.5513;REGULAR
01/06/2025;MDP;MOCK-01062025000347;CV. BAHARI MARITIM;PRASETYO;42602013.72;38663252.24;3938761.48;9.2455;REGULAR
01/06/2025;MDP;MOCK-01062025000348;CV. BAHARI EDUKASI;BUDIMAN;38811827.58;35223487.07;3588340.51;9.2455;REGULAR
01/06/2025;MDP;MOCK-01062025000349;PT. DELIMA TAMBANG;TEJAKUSUMA;176935250.08;166169921.26;10765328.82;6.0843;REGULAR
01/06/2025;MDP;MOCK-01062025000350;CV. KARTIKA KONSULTAN;WULANDARI;249776205.45;234578990.76;15197214.69;6.0843;REGULAR
01/06/2025;MDP;MOCK-01062025000351;CV. PRIMA PROPERTI;FERNANDO;88483416.62;79351332.72;9132083.9;10.3207;REGULAR
01/06/2025;MDP;MOCK-01062025000352;PT. CAHAYA PERSADA;TEJAKUSUMA;43693499.59;39184036.47;4509463.12;10.3207;REGULAR
01/06/2025;MDP;MOCK-01062025000353;CV. HARMONI KONSULTAN;BUDIMAN;8232119.7;7395289.22;836830.48;10.1654;REGULAR
01/06/2025;MDP;MOCK-01062025000354;CV. WANA TAMBANG;PRASETYO;21868669.26;19645624.7;2223044.56;10.1654;REGULAR
01/06/2025;MDP;MOCK-01062025000355;PT. CAHAYA ELEKTRIK;PRASETYO;14636560.13;13520358.71;1116201.42;7.6261;NEW THIS MONTH
01/06/2025;MDP;MOCK-01062025000356;CV. PERMATA EDUKASI;TEJAKUSUMA;15980193.41;14761524.93;1218668.48;7.6261;NEW THIS MONTH
01/06/2025;MDP;MOCK-01062025000357;CV. SEJAHTERA BANGUNAN;HADI;12875741.66;11467279.68;1408461.98;10.9389;REGULAR
01/06/2025;MDP;MOCK-01062025000358;PT. SEJATI PANGAN;SANTOSO;7050231.3;6279014.93;771216.37;10.9389;REGULAR
01/06/2025;MDP;MOCK-01062025000359;CV. KARTIKA MARITIM;KUSUMA;14893093.1;13310513.03;1582580.07;10.6263;REGULAR
01/06/2025;MDP;MOCK-01062025000360;PT. SARI INDUSTRI;KUSUMA;17634373.5;15760497.61;1873875.89;10.6263;REGULAR
01/06/2025;MDP;MOCK-01062025000361;CV. JAYA DISTRIBUSI;HADI;8564598.29;7674314.37;890283.92;10.3949;REGULAR
01/06/2025;MDP;MOCK-01062025000362;PT. JAYA SAMUDRA;BUDIMAN;13773230.07;12341512.57;1431717.5;10.3949;REGULAR
01/06/2025;MDP;MOCK-01062025000363;CV. YASA BUANA;BUDIMAN;20220085.09;18608242.87;1611842.22;7.9715;REGULAR
01/06/2025;MDP;MOCK-01062025000364;PT. ASRI TEKSTIL;WULANDARI;34023692.32;31311496.83;2712195.49;7.9715;REGULAR
01/06/2025;MDP;MOCK-01062025000365;CV. NUSANTARA DAGANG;WIJAYA;92372876.92;81547420.05;10825456.87;11.7193;REGULAR
01/06/2025;MDP;MOCK-01062025000366;PT. ABADI DISTRIBUSI;FERNANDO;124367180.54;109792214.45;14574966.09;11.7193;REGULAR
01/06/2025;MDP;MOCK-01062025000367;CV. SAKTI EDUKASI;FERNANDO;15480799.85;14138870.07;1341929.78;8.6683;REGULAR
01/06/2025;MDP;MOCK-01062025000368;PT. CAHAYA ELEKTRIK;FERNANDO;12495837.07;11412654.29;1083182.78;8.6683;REGULAR
01/06/2025;MDP;MOCK-01062025000369;CV. DAYA KIMIA;WIJAYA;20606377.61;18731193.5;1875184.11;9.1;REGULAR
01/06/2025;MDP;MOCK-01062025000370;CV. BUDI ENERGI;TEJAKUSUMA;20411830.12;18554349.87;1857480.25;9.1;REGULAR
01/06/2025;MDP;MOCK-01062025000371;CV. KENCANA TEKNIK;HADI;207351144.91;187504184.1;19846960.81;9.5717;REGULAR
01/06/2025;MDP;MOCK-01062025000372;PT. KARTIKA MARITIM;KUSUMA;280703319.45;253835332.86;26867986.59;9.5717;REGULAR
01/06/2025;MDP;MOCK-01062025000373;PT. MANDIRI MARITIM;FERNANDO;13199484.06;11773939.78;1425544.28;10.8;REGULAR
01/06/2025;MDP;MOCK-01062025000374;CV. NUSANTARA PERSADA;SANTOSO;13822424.61;12329602.75;1492821.86;10.8;REGULAR
01/06/2025;MDP;MOCK-01062025000375;PT. KARYA NIAGA;TEJAKUSUMA;17496436.66;15260015.22;2236421.44;12.7822;REGULAR
01/06/2025;MDP;MOCK-01062025000376;PT. INDAH ANUGRAH;HADI;21541641.18;18788155.48;2753485.7;12.7822;REGULAR
01/06/2025;MDP;MOCK-01062025000377;CV. MANDIRI INDUSTRI;WIJAYA;15045827.7;13102420.88;1943406.82;12.9166;REGULAR
01/06/2025;MDP;MOCK-01062025000378;CV. INTAN MEDIA;HADI;17309288.15;15073519.58;2235768.57;12.9166;REGULAR
01/06/2025;MDP;MOCK-01062025000379;PT. GADING KEUANGAN;WULANDARI;23649172.83;20570772.96;3078399.87;13.0169;REGULAR
01/06/2025;MDP;MOCK-01062025000380;CV. WANA MARITIM;PRASETYO;32940558.28;28652703.86;4287854.42;13.0169;REGULAR
01/06/2025;MDP;MOCK-01062025000381;CV. YASA ENERGI;PRASETYO;28156156.28;24442713.16;3713443.12;13.1887;REGULAR
01/06/2025;MDP;MOCK-01062025000382;CV. TUNAS ANUGRAH;TEJAKUSUMA;15959040.98;13854244.06;2104796.92;13.1887;REGULAR
01/06/2025;MDP;MOCK-01062025000383;CV. YASA BUANA;KUSUMA;77756221.9;68591039.85;9165182.05;11.7871;REGULAR
01/06/2025;MDP;MOCK-01062025000384;CV. ASRI PANGAN;FERNANDO;98834492.78;87184799.71;11649693.07;11.7871;REGULAR
01/06/2025;MDP;MOCK-01062025000385;CV. CEMERLANG PANGAN;TEJAKUSUMA;11450111.37;10414728.96;1035382.41;9.0426;REGULAR
01/06/2025;MDP;MOCK-01062025000386;CV. SEJATI DAGANG;WIJAYA;7638208.51;6947519.44;690689.07;9.0426;REGULAR
01/07/2025;EXPORT FCL;MOCK-01072025000387;CV. AGUNG FURNITURE;PRASETYO;38560970.18;36700688.1;1860282.08;4.8243;REGULAR
01/07/2025;EXPORT FCL;MOCK-01072025000388;PT. SUKSES TRANSPORT;BUDIMAN;47434043.3;45145700.96;2288342.34;4.8243;REGULAR
01/07/2025;MDP;MOCK-01072025000389;CV. MULIA INDUSTRI;SANTOSO;57854134.8;51285919.63;6568215.17;11.3531;REGULAR
01/07/2025;MDP;MOCK-01072025000390;PT. INDAH MARITIM;TEJAKUSUMA;45450711.91;40290664.9;5160047.01;11.3531;REGULAR
01/07/2025;MDP;MOCK-01072025000391;CV. CAHAYA SAMUDRA;SANTOSO;27855684.15;25438598.37;2417085.78;8.6772;NEW CUSTOMER
01/07/2025;MDP;MOCK-01072025000392;PT. BUDI BERKAT;WIJAYA;24507106.17;22380582.27;2126523.9;8.6772;NEW CUSTOMER
01/07/2025;MDP;MOCK-01072025000393;PT. BERKAH TAMBANG;FERNANDO;19024158.66;17473930.62;1550228.04;8.1487;REGULAR
01/07/2025;MDP;MOCK-01072025000394;PT. ASRI DIRGANTARA;FERNANDO;19059796.18;17506664.13;1553132.05;8.1487;REGULAR
01/07/2025;MDP;MOCK-01072025000395;CV. ABADI LOGISTIK;KUSUMA;33290603.59;29676662.55;3613941.04;10.8557;REGULAR
01/07/2025;MDP;MOCK-01072025000396;PT. KENCANA SAMUDRA;TEJAKUSUMA;46418342.85;41379288.69;5039054.16;10.8557;REGULAR
01/07/2025;MDP;MOCK-01072025000397;CV. AGUNG TELKOM;TEJAKUSUMA;9970413.89;8521653.82;1448760.07;14.5306;REGULAR
01/07/2025;MDP;MOCK-01072025000398;PT. KENCANA SENTRAL;TEJAKUSUMA;14814092.6;12661517.38;2152575.22;14.5306;REGULAR
01/07/2025;MDP;MOCK-01072025000399;PT. MAJU KIMIA;KUSUMA;60536963.42;52926009.14;7610954.28;12.5724;REGULAR
01/07/2025;MDP;MOCK-01072025000400;PT. BERKAH PROPERTI;HADI;57560487.88;50323748.27;7236739.61;12.5724;REGULAR
01/07/2025;MDP;MOCK-01072025000401;PT. ASRI FURNITURE;FERNANDO;5361592.64;3926800.25;1434792.39;26.7606;REGULAR
01/07/2025;MDP;MOCK-01072025000402;CV. CAHAYA PERSADA;SANTOSO;2752960.46;2016252.73;736707.73;26.7606;REGULAR
01/07/2025;MDP;MOCK-01072025000403;PT. DELIMA BUANA;WULANDARI;10618712.81;9834010.4;784702.41;7.3898;REGULAR
01/07/2025;MDP;MOCK-01072025000404;PT. GLOBAL TEKSTIL;PRASETYO;7443191.98;6893154.44;550037.54;7.3898;REGULAR
01/07/2025;MDP;MOCK-01072025000405;PT. GADING ENERGI;FERNANDO;28391103.41;25120201.13;3270902.28;11.5209;REGULAR
01/07/2025;MDP;MOCK-01072025000406;CV. SENTOSA SAMUDRA;WULANDARI;34951254.38;30924565.6;4026688.78;11.5209;REGULAR
01/07/2025;MDP;MOCK-01072025000407;PT. AGUNG MARITIM;FERNANDO;36514763.92;32615747.92;3899016.0;10.6779;REGULAR
01/07/2025;MDP;MOCK-01072025000408;CV. INDAH MARITIM;WIJAYA;49783352.35;44467527.55;5315824.8;10.6779;REGULAR
01/07/2025;MDP;MOCK-01072025000409;PT. HARMONI BANGUNAN;WIJAYA;13977871.16;12495368.87;1482502.29;10.6061;REGULAR
01/07/2025;MDP;MOCK-01072025000410;CV. BERSAMA TEKNIK;SANTOSO;19618138.06;17537425.32;2080712.74;10.6061;REGULAR
01/07/2025;MDP;MOCK-01072025000411;PT. BUDI KEUANGAN;FERNANDO;9950963.38;8937106.01;1013857.37;10.1885;REGULAR
01/07/2025;MDP;MOCK-01072025000412;CV. SENTOSA ANUGRAH;TEJAKUSUMA;8848923.8;7947348.12;901575.68;10.1885;REGULAR
01/07/2025;MDP;MOCK-01072025000413;CV. MANDIRI EDUKASI;FERNANDO;56020686.87;52090022.54;3930664.33;7.0165;REGULAR
01/07/2025;MDP;MOCK-01072025000414;CV. BUDI TRANSPORT;WIJAYA;53208199.83;49474872.29;3733327.54;7.0165;REGULAR
01/07/2025;MDP;MOCK-01072025000415;CV. SEJAHTERA PROPERTI;KUSUMA;62534030.06;55318565.05;7215465.01;11.5385;REGULAR
01/07/2025;MDP;MOCK-01072025000416;PT. DAYA PERKASA;SANTOSO;43877381.2;38814606.45;5062774.75;11.5385;REGULAR
01/07/2025;MDP;MOCK-01072025000417;PT. WIRA TRANSPORT;BUDIMAN;1972513.17;1408937.98;563575.19;28.5714;REGULAR
01/07/2025;MDP;MOCK-01072025000418;CV. ABADI SAMUDRA;HADI;902522.38;644658.84;257863.54;28.5714;REGULAR
01/07/2025;MDP;MOCK-01072025000419;PT. INDAH TEKSTIL;HADI;14973807.55;13500900.14;1472907.41;9.8366;NEW CUSTOMER
01/07/2025;MDP;MOCK-01072025000420;CV. PURI BANGUNAN;WIJAYA;9992510.8;9009591.58;982919.22;9.8366;NEW CUSTOMER
01/07/2025;MDP;MOCK-01072025000421;CV. SENTOSA USAHA;WIJAYA;24858252.46;21754406.61;3103845.85;12.4862;REGULAR
01/07/2025;MDP;MOCK-01072025000422;PT. SUKSES LOGISTIK;SANTOSO;41153730.95;36015202.52;5138528.43;12.4862;REGULAR
01/07/2025;MDP;MOCK-01072025000423;CV. WIRA PERTANIAN;WIJAYA;86530260.73;78976705.91;7553554.82;8.7294;REGULAR
01/07/2025;MDP;MOCK-01072025000424;PT. HARMONI EDUKASI;WULANDARI;64470988.7;58843071.45;5627917.25;8.7294;REGULAR
01/07/2025;MDP;MOCK-01072025000425;PT. SENTOSA DISTRIBUSI;HADI;17582780.3;16415393.29;1167387.01;6.6394;REGULAR
01/07/2025;MDP;MOCK-01072025000426;PT. HARMONI ANUGRAH;BUDIMAN;9476379.02;8847206.52;629172.5;6.6394;REGULAR
01/07/2025;MDP;MOCK-01072025000427;PT. DELIMA TRANSPORT;PRASETYO;3330203.04;2870864.69;459338.35;13.7931;NEW CUSTOMER
01/07/2025;MDP;MOCK-01072025000428;CV. DELIMA BERKAT;WIJAYA;1925492.15;1659907.02;265585.13;13.7931;NEW CUSTOMER
01/07/2025;MDP;MOCK-01072025000429;PT. AGUNG TELKOM;KUSUMA;19306766.45;17128046.34;2178720.11;11.2847;REGULAR
01/07/2025;MDP;MOCK-01072025000430;CV. BUDI ELEKTRIK;PRASETYO;21084568.36;18705227.77;2379340.59;11.2847;REGULAR
01/07/2025;MDP;MOCK-01072025000431;PT. SAKTI BERKAT;HADI;41515891.19;36258581.8;5257309.39;12.6634;NEW THIS MONTH
01/07/2025;MDP;MOCK-01072025000432;PT. YASA USAHA;HADI;54758937.08;47824612.28;6934324.8;12.6634;NEW THIS MONTH
01/07/2025;MDP;MOCK-01072025000433;PT. PRIMA OTOMOTIF;WIJAYA;3745171.94;2196688.21;1548483.73;41.3461;NEW CUSTOMER
01/07/2025;MDP;MOCK-01072025000434;CV. INDAH KONSULTAN;KUSUMA;4009229.21;2351568.02;1657661.19;41.3461;NEW CUSTOMER
01/07/2025;MDP;MOCK-01072025000435;CV. HARMONI BERKAT;KUSUMA;936680.93;702510.7;234170.23;25.0;REGULAR
01/07/2025;MDP;MOCK-01072025000436;PT. GADING TRANSPORT;WIJAYA;629732.33;472299.25;157433.08;25.0;REGULAR
01/07/2025;MDP;MOCK-01072025000437;CV. YASA MEDIA;FERNANDO;35749853.93;33818404.74;1931449.19;5.4027;REGULAR
01/07/2025;MDP;MOCK-01072025000438;CV. SEJATI KIMIA;BUDIMAN;57230172.58;54138211.13;3091961.45;5.4027;REGULAR
01/07/2025;MDP;MOCK-01072025000439;CV. CEMERLANG KEUANGAN;PRASETYO;6499235.84;5715956.68;783279.16;12.0519;REGULAR
01/07/2025;MDP;MOCK-01072025000440;CV. KARTIKA DISTRIBUSI;BUDIMAN;8109226.67;7131913.59;977313.08;12.0519;REGULAR
01/07/2025;MDP;MOCK-01072025000441;PT. INTAN ANUGRAH;WULANDARI;39283337.32;34355609.31;4927728.01;12.5441;REGULAR
01/07/2025;MDP;MOCK-01072025000442;PT. SEJATI DAGANG;BUDIMAN;60983948.63;53334081.48;7649867.15;12.5441;REGULAR
01/07/2025;MDP;MOCK-01072025000443;CV. HARMONI ANUGRAH;HADI;38468353.77;34029697.56;4438656.21;11.5385;REGULAR
01/07/2025;MDP;MOCK-01072025000444;CV. TUNAS OTOMOTIF;TEJAKUSUMA;28098420.82;24856295.34;3242125.48;11.5385;REGULAR
01/07/2025;MDP;MOCK-01072025000445;CV. BAHARI KREASI;WULANDARI;9810576.16;7085416.12;2725160.04;27.7778;REGULAR
01/07/2025;MDP;MOCK-01072025000446;CV. GADING FURNITURE;TEJAKUSUMA;12220680.26;8826046.85;3394633.41;27.7778;REGULAR
01/07/2025;MDP;MOCK-01072025000447;CV. SEJATI TEKSTIL;WULANDARI;512959.75;155580.65;357379.1;69.67;NEW CUSTOMER
01/07/2025;MDP;MOCK-01072025000448;PT. NUSANTARA NIAGA;KUSUMA;591190.06;179307.89;411882.17;69.67;NEW CUSTOMER
01/07/2025;MDP;MOCK-01072025000449;CV. TUNAS KONSULTAN;PRASETYO;69461678.63;60401459.68;9060218.95;13.0435;REGULAR
01/07/2025;MDP;MOCK-01072025000450;CV. BUDI PERSADA;TEJAKUSUMA;87941254.06;76470655.71;11470598.35;13.0435;REGULAR
01/08/2025;EXPORT AF;MOCK-01082025000451;CV. GLOBAL DIRGANTARA;TEJAKUSUMA;53699529.78;37602072.63;16097457.15;29.9769;REGULAR
01/08/2025;EXPORT AF;MOCK-01082025000452;CV. BINTANG INDUSTRI;WIJAYA;55235761.84;38677789.86;16557971.98;29.9769;REGULAR
01/08/2025;EXPORT AF;MOCK-01082025000453;PT. SAKTI DISTRIBUSI;BUDIMAN;22790975.87;15212130.74;7578845.13;33.2537;REGULAR
01/08/2025;EXPORT AF;MOCK-01082025000454;PT. MAJU TAMBANG;FERNANDO;21172264.02;14131700.64;7040563.38;33.2537;REGULAR
01/08/2025;EXPORT FCL;MOCK-01082025000455;PT. BERSAMA KONSULTAN;SANTOSO;34387330.69;32837862.69;1549468.0;4.5059;REGULAR
01/08/2025;EXPORT FCL;MOCK-01082025000456;CV. JAYA TRANSPORT;TEJAKUSUMA;55466262.52;52966993.25;2499269.27;4.5059;REGULAR
01/08/2025;EXPORT FCL;MOCK-01082025000457;PT. MAJU KEUANGAN;WIJAYA;40497435.52;33919819.39;6577616.13;16.2421;REGULAR
01/08/2025;EXPORT FCL;MOCK-01082025000458;PT. SAKTI BUANA;WIJAYA;65655213.84;54991457.29;10663756.55;16.2421;REGULAR
01/08/2025;EXPORT LCL;MOCK-01082025000459;PT. PERMATA PERTANIAN;FERNANDO;18969964.03;9795594.83;9174369.2;48.3626;REGULAR
01/08/2025;EXPORT LCL;MOCK-01082025000460;PT. SAKTI KONSULTAN;PRASETYO;21623675.42;11165902.21;10457773.21;48.3626;REGULAR
01/08/2025;EXPORT LCL;MOCK-01082025000461;CV. PRIMA BUANA;HADI;27680990.33;23311785.67;4369204.66;15.7841;REGULAR
01/08/2025;EXPORT LCL;MOCK-01082025000462;CV. GADING PERSADA;PRASETYO;38244135.26;32207629.63;6036505.63;15.7841;REGULAR
01/08/2025;MDP;MOCK-01082025000463;PT. ABADI BANGUNAN;HADI;55673071.86;47866883.05;7806188.81;14.0215;REGULAR
01/08/2025;MDP;MOCK-01082025000464;CV. MANDIRI LOGISTIK;FERNANDO;36894408.9;31721266.62;5173142.28;14.0215;REGULAR
01/08/2025;MDP;MOCK-01082025000465;CV. KENCANA FURNITURE;WIJAYA;116740144.12;99915987.66;16824156.46;14.4116;REGULAR
01/08/2025;MDP;MOCK-01082025000466;PT. SEJATI MARITIM;KUSUMA;44960450.71;38480917.36;6479533.35;14.4116;REGULAR
01/08/2025;MDP;MOCK-01082025000467;PT. MITRA KEUANGAN;SANTOSO;10042882.27;8753903.61;1288978.66;12.8347;NEW CUSTOMER
01/08/2025;MDP;MOCK-01082025000468;CV. SEJAHTERA ANUGRAH;FERNANDO;18512049.54;16136074.58;2375974.96;12.8347;NEW CUSTOMER
01/08/2025;MDP;MOCK-01082025000469;CV. BERSAMA ENERGI;FERNANDO;107972415.27;100117612.77;7854802.5;7.2748;REGULAR
01/08/2025;MDP;MOCK-01082025000470;CV. WIRA KIMIA;HADI;127421514.28;118151824.18;9269690.1;7.2748;REGULAR
01/08/2025;MDP;MOCK-01082025000471;PT. CEMERLANG TELKOM;WULANDARI;43777452.54;38676659.35;5100793.19;11.6516;REGULAR
01/08/2025;MDP;MOCK-01082025000472;CV. SUKSES PERKASA;WULANDARI;87379057.2;77197959.99;10181097.21;11.6516;REGULAR
01/08/2025;MDP;MOCK-01082025000473;CV. CAHAYA NIAGA;KUSUMA;55777463.1;48103817.15;7673645.95;13.7576;NEW CUSTOMER
01/08/2025;MDP;MOCK-01082025000474;CV. MUTIARA BERKAT;WULANDARI;45760475.25;39464927.44;6295547.81;13.7576;NEW CUSTOMER
01/08/2025;MDP;MOCK-01082025000475;CV. SARI USAHA;HADI;38475787.91;28923559.04;9552228.87;24.8266;NEW CUSTOMER
01/08/2025;MDP;MOCK-01082025000476;CV. HARMONI PERKASA;BUDIMAN;50450103.72;37925059.7;12525044.02;24.8266;NEW CUSTOMER
01/08/2025;MDP;MOCK-01082025000477;CV. NUSANTARA OTOMOTIF;WULANDARI;12595076.3;11991893.46;603182.84;4.789;REGULAR
01/08/2025;MDP;MOCK-01082025000478;PT. MAJU ENERGI;TEJAKUSUMA;12583622.19;11980987.89;602634.3;4.789;REGULAR
01/08/2025;MDP;MOCK-01082025000479;CV. MULIA INDUSTRI;BUDIMAN;96445404.92;85527057.19;10918347.73;11.3208;REGULAR
01/08/2025;MDP;MOCK-01082025000480;CV. YASA TELKOM;HADI;84645804.7;75063260.77;9582543.93;11.3208;REGULAR
01/08/2025;MDP;MOCK-01082025000481;PT. PRIMA BANGUNAN;WULANDARI;53450607.06;48403113.91;5047493.15;9.4433;REGULAR
01/08/2025;MDP;MOCK-01082025000482;PT. TUNAS TAMBANG;HADI;50136726.47;45402172.51;4734553.96;9.4433;REGULAR
01/08/2025;MDP;MOCK-01082025000483;PT. BUDI MEDIA;FERNANDO;68146841.63;59183845.49;8962996.14;13.1525;REGULAR
01/08/2025;MDP;MOCK-01082025000484;PT. AGUNG BUANA;KUSUMA;44177667.96;38367211.34;5810456.62;13.1525;REGULAR
01/08/2025;MDP;MOCK-01082025000485;PT. BERSAMA SENTRAL;HADI;1593630.27;1062420.18;531210.09;33.3333;REGULAR
01/08/2025;MDP;MOCK-01082025000486;CV. INTAN PERKASA;WULANDARI;1543801.95;1029201.3;514600.65;33.3333;REGULAR
01/08/2025;MDP;MOCK-01082025000487;PT. MUTIARA DAGANG;TEJAKUSUMA;44738039.44;36294908.18;8443131.26;18.8724;NEW THIS MONTH
01/08/2025;MDP;MOCK-01082025000488;CV. MAJU PROPERTI;WULANDARI;98886136.86;80223972.77;18662164.09;18.8724;NEW THIS MONTH
01/08/2025;MDP;MOCK-01082025000489;CV. KENCANA KESEHATAN;WULANDARI;406199.46;0.0;406199.46;100.0;NEW CUSTOMER
01/08/2025;MDP;MOCK-01082025000490;PT. BAHARI ELEKTRIK;PRASETYO;427322.48;0.0;427322.48;100.0;NEW CUSTOMER
01/08/2025;MDP;MOCK-01082025000491;PT. ASRI ELEKTRIK;KUSUMA;3943587.62;3286323.03;657264.59;16.6667;REGULAR
01/08/2025;MDP;MOCK-01082025000492;CV. BUDI PERSADA;WULANDARI;2797694.2;2331411.84;466282.36;16.6667;REGULAR
01/08/2025;MDP;MOCK-01082025000493;CV. JAYA TEKNIK;PRASETYO;714970.95;405150.2;309820.75;43.3333;REGULAR
01/08/2025;MDP;MOCK-01082025000494;PT. YASA NIAGA;TEJAKUSUMA;944570.24;535256.47;409313.77;43.3333;REGULAR
01/08/2025;MDP;MOCK-01082025000495;PT. DELIMA SAMUDRA;BUDIMAN;85113548.71;66436674.44;18676874.27;21.9435;NEW THIS MONTH
01/08/2025;MDP;MOCK-01082025000496;CV. MUTIARA INDUSTRI;KUSUMA;47883020.1;37375819.31;10507200.79;21.9435;NEW THIS MONTH
01/08/2025;MDP;MOCK-01082025000497;PT. SARI OTOMOTIF;BUDIMAN;56525341.9;49805685.94;6719655.96;11.8879;REGULAR
01/08/2025;MDP;MOCK-01082025000498;CV. DAYA PROPERTI;WIJAYA;59952712.03;52825614.96;7127097.07;11.8879;REGULAR
01/08/2025;MDP;MOCK-01082025000499;CV. WIRA DISTRIBUSI;WULANDARI;31816969.6;27972554.82;3844414.78;12.0829;REGULAR
01/08/2025;MDP;MOCK-01082025000500;PT. MULIA PERSADA;WULANDARI;17643364.39;15511533.11;2131831.28;12.0829;REGULAR
01/08/2025;MDP;MOCK-01082025000501;PT. BUDI PROPERTI;WULANDARI;73787557.04;67047337.51;6740219.53;9.1346;REGULAR
01/08/2025;MDP;MOCK-01082025000502;CV. MULIA LOGISTIK;BUDIMAN;38196636.37;34707515.38;3489120.99;9.1346;REGULAR
01/08/2025;MDP;MOCK-01082025000503;PT. DELIMA TEKSTIL;HADI;28203143.55;25010334.85;3192808.7;11.3208;REGULAR
01/08/2025;MDP;MOCK-01082025000504;PT. PRIMA NIAGA;TEJAKUSUMA;17704125.93;15699885.26;2004240.67;11.3208;REGULAR
01/08/2025;MDP;MOCK-01082025000505;CV. CEMERLANG TEKNIK;FERNANDO;38378256.3;33793065.94;4585190.36;11.9474;REGULAR
01/08/2025;MDP;MOCK-01082025000506;CV. GADING ANUGRAH;WIJAYA;44467419.32;39154734.43;5312684.89;11.9474;REGULAR
01/08/2025;MDP;MOCK-01082025000507;CV. MULIA KESEHATAN;TEJAKUSUMA;3629064.98;3266158.48;362906.5;10.0;REGULAR
01/08/2025;MDP;MOCK-01082025000508;CV. ABADI TEKNIK;SANTOSO;5979002.65;5381102.38;597900.27;10.0;REGULAR
01/08/2025;MDP;MOCK-01082025000509;PT. BINTANG PERSADA;WIJAYA;17764104.03;15447046.98;2317057.05;13.0435;REGULAR
01/08/2025;MDP;MOCK-01082025000510;PT. KENCANA PERTANIAN;TEJAKUSUMA;19275996.39;16761735.99;2514260.4;13.0435;REGULAR
01/08/2025;MDP;MOCK-01082025000511;CV. BERKAH USAHA;HADI;3063349.15;2720254.18;343094.97;11.2;REGULAR
01/08/2025;MDP;MOCK-01082025000512;PT. DELIMA PERTANIAN;HADI;1725476.8;1532223.47;193253.33;11.2;REGULAR
01/08/2025;MDP;MOCK-01082025000513;PT. SEJATI BUANA;BUDIMAN;79512111.75;70851355.88;8660755.87;10.8924;REGULAR
01/08/2025;MDP;MOCK-01082025000514;PT. JAYA ELEKTRIK;PRASETYO;70670630.92;62972922.12;7697708.8;10.8924;REGULAR
01/08/2025;MDP;MOCK-01082025000515;CV. MUTIARA MEDIA;WULANDARI;435162.0;322020.2;113141.8;25.9999;REGULAR
01/08/2025;MDP;MOCK-01082025000516;CV. DAYA TEKNIK;WULANDARI;337977.5;250103.6;87873.9;25.9999;REGULAR
01/08/2025;MDP;MOCK-01082025000517;CV. WANA USAHA;KUSUMA;56861991.85;44502308.4;12359683.45;21.7363;NEW THIS MONTH
01/08/2025;MDP;MOCK-01082025000518;PT. AGUNG ELEKTRIK;BUDIMAN;29602616.5;23168108.01;6434508.49;21.7363;NEW THIS MONTH
01/08/2025;MDP;MOCK-01082025000519;PT. BERKAH TEKSTIL;FERNANDO;47897515.54;36770270.54;11127245.0;23.2314;NEW THIS MONTH
01/08/2025;MDP;MOCK-01082025000520;CV. KARTIKA INDUSTRI;HADI;43737808.34;33576919.96;10160888.38;23.2314;NEW THIS MONTH
01/08/2025;MDP;MOCK-01082025000521;CV. WIRA USAHA;WIJAYA;36937699.54;32866543.36;4071156.18;11.0217;REGULAR
01/08/2025;MDP;MOCK-01082025000522;CV. AGUNG USAHA;WULANDARI;74332597.58;66139894.25;8192703.33;11.0217;REGULAR
01/08/2025;MDP;MOCK-01082025000523;PT. PRIMA LOGISTIK;TEJAKUSUMA;10851949.72;9909353.58;942596.14;8.686;REGULAR
01/08/2025;MDP;MOCK-01082025000524;CV. YASA TELKOM;TEJAKUSUMA;15499359.28;14153090.96;1346268.32;8.686;REGULAR
01/08/2025;MDP;MOCK-01082025000525;CV. INDAH KESEHATAN;TEJAKUSUMA;33005939.57;28963710.55;4042229.02;12.247;REGULAR
01/08/2025;MDP;MOCK-01082025000526;PT. SUKSES SAMUDRA;SANTOSO;38328385.05;33634317.49;4694067.56;12.247;REGULAR
01/08/2025;MDP;MOCK-01082025000527;CV. BINTANG EDUKASI;TEJAKUSUMA;97402130.75;84398499.82;13003630.93;13.3505;REGULAR
01/08/2025;MDP;MOCK-01082025000528;PT. BUDI TEKNIK;KUSUMA;118315354.69;102519712.51;15795642.18;13.3505;REGULAR
01/08/2025;MDP;MOCK-01082025000529;CV. WIRA DISTRIBUSI;TEJAKUSUMA;51951511.98;45055425.92;6896086.06;13.2741;REGULAR
01/08/2025;MDP;MOCK-01082025000530;CV. MULIA PERSADA;KUSUMA;68259403.33;59198594.47;9060808.86;13.2741;REGULAR
01/08/2025;MDP;MOCK-01082025000531;PT. DELIMA KREASI;WULANDARI;19770792.2;18244612.63;1526179.57;7.7194;REGULAR
01/08/2025;MDP;MOCK-01082025000532;PT. DELIMA TEKNIK;PRASETYO;10303081.48;9507749.04;795332.44;7.7194;REGULAR
01/08/2025;MDP;MOCK-01082025000533;CV. WANA PERTANIAN;FERNANDO;110614262.32;95676832.42;14937429.9;13.5041;REGULAR
01/08/2025;MDP;MOCK-01082025000534;PT. SEJATI TRANSPORT;WULANDARI;102302429.03;88487435.11;13814993.92;13.5041;REGULAR
01/08/2025;MDP;MOCK-01082025000535;PT. CAHAYA SAMUDRA;KUSUMA;5697258.94;5127533.04;569725.9;10.0;REGULAR
01/08/2025;MDP;MOCK-01082025000536;PT. AGUNG TAMBANG;SANTOSO;7926539.08;7133885.17;792653.91;10.0;REGULAR
01/09/2025;EXPORT AF;MOCK-01092025000537;PT. AGUNG PERSADA;FERNANDO;31480666.7;24014152.26;7466514.44;23.7178;REGULAR
01/09/2025;EXPORT AF;MOCK-01092025000538;PT. ASRI DIRGANTARA;FERNANDO;27999189.54;21358404.1;6640785.44;23.7178;REGULAR
01/09/2025;MDP;MOCK-01092025000539;CV. INDAH OTOMOTIF;TEJAKUSUMA;9259553.84;8258979.95;1000573.89;10.8059;REGULAR
01/09/2025;MDP;MOCK-01092025000540;PT. ASRI TELKOM;KUSUMA;19221737.01;17144664.14;2077072.87;10.8059;REGULAR
01/09/2025;MDP;MOCK-01092025000541;CV. GADING DIRGANTARA;WULANDARI;18294393.01;15906243.22;2388149.79;13.054;REGULAR
01/09/2025;MDP;MOCK-01092025000542;PT. GADING PANGAN;BUDIMAN;21908147.08;19048257.88;2859889.2;13.054;REGULAR
01/09/2025;MDP;MOCK-01092025000543;CV. SEJATI PERTANIAN;PRASETYO;13923623.87;12129186.76;1794437.11;12.8877;REGULAR
01/09/2025;MDP;MOCK-01092025000544;CV. TUNAS KIMIA;WIJAYA;15088486.0;13143924.77;1944561.23;12.8877;REGULAR
01/09/2025;MDP;MOCK-01092025000545;CV. KENCANA TRANSPORT;SANTOSO;36540688.64;33699675.45;2841013.19;7.7749;REGULAR
01/09/2025;MDP;MOCK-01092025000546;CV. SEJAHTERA TEKNIK;FERNANDO;57366053.59;52905882.73;4460170.86;7.7749;REGULAR
01/09/2025;MDP;MOCK-01092025000547;PT. SARI DAGANG;FERNANDO;22953908.03;20424428.53;2529479.5;11.0198;REGULAR
01/09/2025;MDP;MOCK-01092025000548;CV. BINTANG BUANA;BUDIMAN;19174726.93;17061706.41;2113020.52;11.0198;REGULAR
01/09/2025;MDP;MOCK-01092025000549;CV. CEMERLANG TEKSTIL;FERNANDO;7298380.83;6697557.06;600823.77;8.2323;REGULAR
01/09/2025;MDP;MOCK-01092025000550;CV. SUKSES PERTANIAN;BUDIMAN;15921075.19;14610406.35;1310668.84;8.2323;REGULAR
01/09/2025;MDP;MOCK-01092025000551;PT. SEJATI MARITIM;BUDIMAN;26973005.71;24215129.15;2757876.56;10.2246;REGULAR
01/09/2025;MDP;MOCK-01092025000552;PT. SAKTI KESEHATAN;SANTOSO;21659521.22;19444926.14;2214595.08;10.2246;REGULAR
01/09/2025;MDP;MOCK-01092025000553;CV. SENTOSA PERTANIAN;FERNANDO;23577197.36;19871106.83;3706090.53;15.719;REGULAR
01/09/2025;MDP;MOCK-01092025000554;PT. PURI BANGUNAN;BUDIMAN;14546177.85;12259669.78;2286508.07;15.719;REGULAR
01/09/2025;MDP;MOCK-01092025000555;CV. BAHARI INDUSTRI;HADI;33052819.49;30594431.79;2458387.7;7.4378;REGULAR
01/09/2025;MDP;MOCK-01092025000556;PT. NUSANTARA PERKASA;WIJAYA;27597850.92;25545190.41;2052660.51;7.4378;REGULAR
01/09/2025;MDP;MOCK-01092025000557;PT. DELIMA PANGAN;PRASETYO;7292831.95;5613009.61;1679822.34;23.0339;NEW CUSTOMER
01/09/2025;MDP;MOCK-01092025000558;PT. INDAH KESEHATAN;PRASETYO;3792831.26;2919194.97;873636.29;23.0339;NEW CUSTOMER
01/09/2025;MDP;MOCK-01092025000559;PT. AGUNG TEKNIK;HADI;4680122.08;4212109.87;468012.21;10.0;REGULAR
01/09/2025;MDP;MOCK-01092025000560;CV. CAHAYA INDUSTRI;PRASETYO;4270289.24;3843260.32;427028.92;10.0;REGULAR
01/09/2025;MDP;MOCK-01092025000561;PT. HARMONI SAMUDRA;SANTOSO;42978903.75;39536298.61;3442605.14;8.01;REGULAR
01/09/2025;MDP;MOCK-01092025000562;CV. SEJATI MEDIA;WIJAYA;21958191.27;20199342.73;1758848.54;8.01;REGULAR
01/09/2025;MDP;MOCK-01092025000563;CV. TUNAS TRANSPORT;PRASETYO;108247030.97;98799999.76;9447031.21;8.7273;REGULAR
01/09/2025;MDP;MOCK-01092025000564;PT. HARMONI DIRGANTARA;BUDIMAN;111880927.35;102116755.5;9764171.85;8.7273;REGULAR
01/09/2025;MDP;MOCK-01092025000565;PT. JAYA ELEKTRIK;FERNANDO;50894993.63;45339203.89;5555789.74;10.9162;REGULAR
01/09/2025;MDP;MOCK-01092025000566;CV. JAYA KEUANGAN;FERNANDO;72466911.14;64556291.79;7910619.35;10.9162;REGULAR
01/09/2025;MDP;MOCK-01092025000567;PT. SEJAHTERA PERKASA;SANTOSO;565586.75;263940.49;301646.26;53.3333;REGULAR
01/09/2025;MDP;MOCK-01092025000568;PT. MANDIRI PROPERTI;WIJAYA;583620.67;272356.31;311264.36;53.3333;REGULAR
01/09/2025;MDP;MOCK-01092025000569;CV. SARI PROPERTI;BUDIMAN;5891442.58;5302298.32;589144.26;10.0;REGULAR
01/09/2025;MDP;MOCK-01092025000570;PT. MITRA BANGUNAN;KUSUMA;2990934.47;2691841.02;299093.45;10.0;REGULAR
01/09/2025;MDP;MOCK-01092025000571;PT. NUSANTARA KEUANGAN;WULANDARI;19743087.1;17167901.82;2575185.28;13.0435;REGULAR
01/09/2025;MDP;MOCK-01092025000572;PT. BAHARI PERTANIAN;PRASETYO;12365999.87;10753043.36;1612956.51;13.0435;REGULAR
01/09/2025;MDP;MOCK-01092025000573;PT. SARI TEKNIK;TEJAKUSUMA;42508716.1;38828620.14;3680095.96;8.6573;REGULAR
01/09/2025;MDP;MOCK-01092025000574;PT. BAHARI USAHA;BUDIMAN;19592549.25;17896368.62;1696180.63;8.6573;REGULAR
01/09/2025;MDP;MOCK-01092025000575;PT. MAJU SENTRAL;TEJAKUSUMA;111990976.32;101866862.94;10124113.38;9.0401;REGULAR
01/09/2025;MDP;MOCK-01092025000576;CV. BINTANG TEKSTIL;FERNANDO;96326301.98;87618293.22;8708008.76;9.0401;REGULAR
01/09/2025;MDP;MOCK-01092025000577;CV. SENTOSA NIAGA;WULANDARI;55667374.3;50611544.01;5055830.29;9.0822;REGULAR
01/09/2025;MDP;MOCK-01092025000578;CV. SAKTI PERKASA;KUSUMA;51630668.58;46941460.56;4689208.02;9.0822;REGULAR
01/09/2025;MDP;MOCK-01092025000579;PT. MUTIARA EDUKASI;WIJAYA;3929200.59;3536280.53;392920.06;10.0;REGULAR
01/09/2025;MDP;MOCK-01092025000580;CV. BUDI SENTRAL;WULANDARI;3002710.16;2702439.15;300271.01;10.0;REGULAR
01/09/2025;MDP;MOCK-01092025000581;PT. BUDI TEKNIK;PRASETYO;6758216.45;6082394.8;675821.65;10.0;REGULAR
01/09/2025;MDP;MOCK-01092025000582;PT. ABADI LOGISTIK;PRASETYO;2973824.1;2676441.69;297382.41;10.0;REGULAR
01/09/2025;MDP;MOCK-01092025000583;CV. PURI KONSULTAN;FERNANDO;1010838.51;348146.82;662691.69;65.5586;NEW CUSTOMER
01/09/2025;MDP;MOCK-01092025000584;PT. YASA TAMBANG;PRASETYO;580444.59;199913.18;380531.41;65.5586;NEW CUSTOMER
01/09/2025;MDP;MOCK-01092025000585;CV. CAHAYA BUANA;BUDIMAN;27457260.24;23875878.47;3581381.77;13.0435;REGULAR
01/09/2025;MDP;MOCK-01092025000586;PT. PERMATA TRANSPORT;FERNANDO;18531044.32;16113951.59;2417092.73;13.0435;REGULAR
01/09/2025;MDP;MOCK-01092025000587;PT. ASRI PERKASA;TEJAKUSUMA;22493693.95;20679938.62;1813755.33;8.0634;REGULAR
01/09/2025;MDP;MOCK-01092025000588;CV. CAHAYA BANGUNAN;WIJAYA;15754207.85;14483883.88;1270323.97;8.0634;REGULAR
01/09/2025;MDP;MOCK-01092025000589;CV. KARYA SAMUDRA;KUSUMA;33170044.06;29185782.87;3984261.19;12.0116;REGULAR
01/09/2025;MDP;MOCK-01092025000590;PT. GADING TEKSTIL;TEJAKUSUMA;40079563.63;35265356.88;4814206.75;12.0116;REGULAR
01/09/2025;MDP;MOCK-01092025000591;PT. WIRA PERSADA;FERNANDO;4870802.51;4184428.39;686374.12;14.0916;REGULAR
01/09/2025;MDP;MOCK-01092025000592;CV. SEJAHTERA BERKAT;WIJAYA;8141672.08;6994380.03;1147292.05;14.0916;REGULAR
01/09/2025;MDP;MOCK-01092025000593;PT. KENCANA LOGISTIK;HADI;22705307.0;20096394.91;2608912.09;11.4903;REGULAR
01/09/2025;MDP;MOCK-01092025000594;CV. MULIA ANUGRAH;WIJAYA;24962526.88;22094253.04;2868273.84;11.4903;REGULAR
01/09/2025;MDP;MOCK-01092025000595;CV. MUTIARA TRANSPORT;FERNANDO;46596923.95;41875455.94;4721468.01;10.1326;REGULAR
01/09/2025;MDP;MOCK-01092025000596;PT. ABADI BERKAT;WIJAYA;35113730.48;31555805.6;3557924.88;10.1326;REGULAR
01/09/2025;MDP;MOCK-01092025000597;CV. GADING BANGUNAN;BUDIMAN;24651595.89;21436170.34;3215425.55;13.0435;REGULAR
01/09/2025;MDP;MOCK-01092025000598;CV. BERSAMA TRANSPORT;HADI;28501399.1;24783825.3;3717573.8;13.0435;REGULAR
01/09/2025;MDP;MOCK-01092025000599;PT. HARMONI SAMUDRA;KUSUMA;22904150.13;20019252.04;2884898.09;12.5955;REGULAR
01/09/2025;MDP;MOCK-01092025000600;CV. CAHAYA ELEKTRIK;TEJAKUSUMA;13088173.66;11439649.4;1648524.26;12.5955;REGULAR
01/09/2025;MDP;MOCK-01092025000601;PT. KARYA INDUSTRI;BUDIMAN;42758242.53;37898116.77;4860125.76;11.3665;REGULAR
01/09/2025;MDP;MOCK-01092025000602;PT. DELIMA EDUKASI;WULANDARI;59139852.83;52417707.46;6722145.37;11.3665;REGULAR
01/09/2025;MDP;MOCK-01092025000603;CV. SEJATI KESEHATAN;KUSUMA;5092167.26;4582950.54;509216.72;10.0;REGULAR
01/09/2025;MDP;MOCK-01092025000604;PT. CEMERLANG SENTRAL;KUSUMA;7011165.98;6310049.38;701116.6;10.0;REGULAR
01/09/2025;MDP;MOCK-01092025000605;PT. SEJATI ELEKTRIK;FERNANDO;3748826.65;3471135.79;277690.86;7.4074;REGULAR
01/09/2025;MDP;MOCK-01092025000606;PT. PRIMA PROPERTI;WIJAYA;3480845.38;3223004.98;257840.4;7.4074;REGULAR
01/09/2025;MDP;MOCK-01092025000607;CV. GLOBAL USAHA;SANTOSO;16653128.32;14480981.15;2172147.17;13.0435;NEW CUSTOMER
01/09/2025;MDP;MOCK-01092025000608;CV. YASA PERSADA;BUDIMAN;11033032.93;9593941.68;1439091.25;13.0435;NEW CUSTOMER
01/09/2025;MDP;MOCK-01092025000609;PT. SENTOSA LOGISTIK;SANTOSO;91178971.81;76138185.58;15040786.23;16.4959;REGULAR
01/09/2025;MDP;MOCK-01092025000610;PT. AGUNG DAGANG;HADI;59780199.2;49918921.11;9861278.09;16.4959;REGULAR
01/09/2025;MDP;MOCK-01092025000611;PT. DAYA KREASI;BUDIMAN;54373499.33;48112983.56;6260515.77;11.5139;REGULAR
01/09/2025;MDP;MOCK-01092025000612;PT. KARYA KESEHATAN;FERNANDO;61686352.7;54583841.58;7102511.12;11.5139;REGULAR
01/09/2025;MDP;MOCK-01092025000613;CV. SENTOSA DISTRIBUSI;TEJAKUSUMA;39233749.36;34600674.88;4633074.48;11.8089;REGULAR
01/09/2025;MDP;MOCK-01092025000614;CV. ASRI DIRGANTARA;SANTOSO;62895776.09;55468476.39;7427299.7;11.8089;REGULAR
01/09/2025;MDP;MOCK-01092025000615;CV. BERKAH PANGAN;PRASETYO;7249779.25;5313646.85;1936132.4;26.7061;REGULAR
01/09/2025;MDP;MOCK-01092025000616;CV. MITRA KESEHATAN;FERNANDO;2752310.47;2017276.03;735034.44;26.7061;REGULAR
01/09/2025;MDP;MOCK-01092025000617;PT. TUNAS DIRGANTARA;HADI;39677051.05;35922419.74;3754631.31;9.463;REGULAR
01/09/2025;MDP;MOCK-01092025000618;CV. MANDIRI BANGUNAN;KUSUMA;25336986.59;22939352.67;2397633.92;9.463;REGULAR
01/09/2025;MDP;MOCK-01092025000619;CV. KARYA MEDIA;PRASETYO;46336807.58;39386286.45;6950521.13;15.0;REGULAR
01/09/2025;MDP;MOCK-01092025000620;PT. PURI PANGAN;TEJAKUSUMA;42802947.37;36382505.27;6420442.1;15.0;REGULAR
01/09/2025;MDP;MOCK-01092025000621;CV. PRIMA TELKOM;WULANDARI;12813496.94;11447499.98;1365996.96;10.6606;REGULAR
01/09/2025;MDP;MOCK-01092025000622;PT. SEJAHTERA ELEKTRIK;PRASETYO;7634366.53;6820496.48;813870.05;10.6606;REGULAR
01/09/2025;MDP;MOCK-01092025000623;CV. MANDIRI MARITIM;WIJAYA;11983597.92;11815993.23;167604.69;1.3986;REGULAR
01/09/2025;MDP;MOCK-01092025000624;PT. BINTANG FURNITURE;PRASETYO;16168493.41;15942358.05;226135.36;1.3986;REGULAR
01/09/2025;MDP;MOCK-01092025000625;CV. WIRA TRANSPORT;PRASETYO;9990690.4;8368728.1;1621962.3;16.2347;REGULAR
01/09/2025;MDP;MOCK-01092025000626;CV. PRIMA USAHA;FERNANDO;6840855.55;5730260.65;1110594.9;16.2347;REGULAR
01/09/2025;MDP;MOCK-01092025000627;CV. PRIMA NIAGA;WULANDARI;1849689.03;462422.26;1387266.77;75.0;REGULAR
01/09/2025;MDP;MOCK-01092025000628;PT. BUDI DAGANG;TEJAKUSUMA;1331625.72;332906.43;998719.29;75.0;REGULAR
01/09/2025;MDP;MOCK-01092025000629;PT. MUTIARA DISTRIBUSI;BUDIMAN;24020801.11;22205492.47;1815308.64;7.5572;REGULAR
01/09/2025;MDP;MOCK-01092025000630;PT. SEJAHTERA MEDIA;TEJAKUSUMA;21624435.76;19990226.11;1634209.65;7.5572;REGULAR
01/09/2025;MDP;MOCK-01092025000631;PT. AGUNG KIMIA;FERNANDO;15051227.96;13546105.16;1505122.8;10.0;REGULAR
01/09/2025;MDP;MOCK-01092025000632;CV. MANDIRI NIAGA;FERNANDO;11527363.88;10374627.48;1152736.4;10.0;REGULAR
01/09/2025;MDP;MOCK-01092025000633;PT. SENTOSA MEDIA;WULANDARI;20180737.72;17682362.69;2498375.03;12.38;REGULAR
01/09/2025;MDP;MOCK-01092025000634;CV. ASRI FURNITURE;WULANDARI;11078097.53;9706629.22;1371468.31;12.38;REGULAR
01/09/2025;MDP;MOCK-01092025000635;PT. BINTANG PERTANIAN;TEJAKUSUMA;14726666.5;13578457.34;1148209.16;7.7968;REGULAR
01/09/2025;MDP;MOCK-01092025000636;PT. YASA PANGAN;PRASETYO;14936208.62;13771661.87;1164546.75;7.7968;REGULAR
01/09/2025;MDP;MOCK-01092025000637;PT. PURI ENERGI;KUSUMA;3196736.03;2501793.41;694942.62;21.7391;REGULAR
01/09/2025;MDP;MOCK-01092025000638;PT. BUDI PROPERTI;SANTOSO;3475637.21;2720063.9;755573.31;21.7391;REGULAR
01/09/2025;MDP;MOCK-01092025000639;CV. WANA BERKAT;BUDIMAN;3912569.02;3260474.19;652094.83;16.6667;REGULAR
01/09/2025;MDP;MOCK-01092025000640;PT. KENCANA PERKASA;PRASETYO;2306139.91;1921783.26;384356.65;16.6667;REGULAR
01/09/2025;MDP;MOCK-01092025000641;CV. BINTANG BANGUNAN;WULANDARI;2515763.02;2096469.19;419293.83;16.6667;REGULAR
01/09/2025;MDP;MOCK-01092025000642;CV. SEJATI PERSADA;BUDIMAN;2260238.12;1883531.76;376706.36;16.6667;REGULAR
01/09/2025;MDP;MOCK-01092025000643;PT. MAJU TRANSPORT;HADI;1185393.29;924606.76;260786.53;22.0;REGULAR
01/09/2025;MDP;MOCK-01092025000644;CV. BINTANG TAMBANG;TEJAKUSUMA;1745796.74;1361721.46;384075.28;22.0;REGULAR
01/10/2025;EXPORT AF;MOCK-01102025000645;CV. WIRA OTOMOTIF;BUDIMAN;269465436.95;228126014.71;41339422.24;15.3413;REGULAR
01/10/2025;EXPORT AF;MOCK-01102025000646;PT. BINTANG KESEHATAN;BUDIMAN;263460410.17;223042235.35;40418174.82;15.3413;REGULAR
01/10/2025;EXPORT AF;MOCK-01102025000647;PT. TUNAS NIAGA;WULANDARI;6439031.06;5688453.76;750577.3;11.6567;NEW CUSTOMER
01/10/2025;EXPORT AF;MOCK-01102025000648;PT. BERSAMA KIMIA;FERNANDO;11741699.09;10373006.7;1368692.39;11.6567;NEW CUSTOMER
01/10/2025;EXPORT AF;MOCK-01102025000649;PT. BERSAMA BANGUNAN;WULANDARI;4752262.47;3286546.11;1465716.36;30.8425;REGULAR
01/10/2025;EXPORT AF;MOCK-01102025000650;CV. SEJAHTERA PERTANIAN;FERNANDO;4809979.05;3326461.45;1483517.6;30.8425;REGULAR
01/10/2025;EXPORT FCL;MOCK-01102025000651;CV. BINTANG TRANSPORT;BUDIMAN;29126189.77;23681914.51;5444275.26;18.692;REGULAR
01/10/2025;EXPORT FCL;MOCK-01102025000652;PT. INDAH KEUANGAN;KUSUMA;40673823.78;33071061.66;7602762.12;18.692;REGULAR
01/10/2025;EXPORT FCL;MOCK-01102025000653;CV. HARMONI FURNITURE;SANTOSO;29694808.45;26766731.47;2928076.98;9.8606;REGULAR
01/10/2025;EXPORT FCL;MOCK-01102025000654;CV. NUSANTARA TRANSPORT;WULANDARI;16755145.93;15102993.26;1652152.67;9.8606;REGULAR
01/10/2025;EXPORT FCL;MOCK-01102025000655;PT. TUNAS MARITIM;PRASETYO;36027834.05;34098118.44;1929715.61;5.3562;REGULAR
01/10/2025;EXPORT FCL;MOCK-01102025000656;PT. BINTANG SAMUDRA;BUDIMAN;58754458.43;55607463.93;3146994.5;5.3562;REGULAR
01/10/2025;EXPORT FCL;MOCK-01102025000657;PT. BAHARI PROPERTI;TEJAKUSUMA;69172287.74;62171452.42;7000835.32;10.1209;NEW CUSTOMER
01/10/2025;EXPORT FCL;MOCK-01102025000658;CV. CEMERLANG KEUANGAN;HADI;47897031.18;43049436.31;4847594.87;10.1209;NEW CUSTOMER
01/10/2025;EXPORT FCL;MOCK-01102025000659;CV. JAYA USAHA;TEJAKUSUMA;15352104.43;11334242.76;4017861.67;26.1714;REGULAR
01/10/2025;EXPORT FCL;MOCK-01102025000660;CV. GADING KREASI;PRASETYO;37690662.38;27826485.88;9864176.5;26.1714;REGULAR
01/10/2025;EXPORT FCL;MOCK-01102025000661;PT. NUSANTARA FURNITURE;BUDIMAN;37835868.61;26374074.15;11461794.46;30.2935;REGULAR
01/10/2025;EXPORT FCL;MOCK-01102025000662;CV. DAYA BERKAT;WIJAYA;18170155.95;12665786.68;5504369.27;30.2935;REGULAR
01/10/2025;EXPORT LCL;MOCK-01102025000663;CV. SAKTI TAMBANG;WIJAYA;15946292.65;7319806.09;8626486.56;54.0971;REGULAR
01/10/2025;EXPORT LCL;MOCK-01102025000664;CV. BUDI PERSADA;TEJAKUSUMA;10731255.7;4925954.43;5805301.27;54.0971;REGULAR
01/10/2025;MDP;MOCK-01102025000665;CV. ABADI TELKOM;WIJAYA;284418372.49;256045773.39;28372599.1;9.9757;REGULAR
01/10/2025;MDP;MOCK-01102025000666;PT. SENTOSA KESEHATAN;FERNANDO;316920759.68;285305834.17;31614925.51;9.9757;REGULAR
01/10/2025;MDP;MOCK-01102025000667;PT. SEJATI DAGANG;FERNANDO;37424241.72;29738769.03;7685472.69;20.5361;REGULAR
01/10/2025;MDP;MOCK-01102025000668;PT. SARI DAGANG;FERNANDO;92003320.31;73109443.7;18893876.61;20.5361;REGULAR
01/10/2025;MDP;MOCK-01102025000669;CV. CAHAYA PERKASA;BUDIMAN;4210528.73;3342156.12;868372.61;20.6238;REGULAR
01/10/2025;MDP;MOCK-01102025000670;CV. YASA ELEKTRIK;KUSUMA;4834399.8;3837361.03;997038.77;20.6238;REGULAR
01/10/2025;MDP;MOCK-01102025000671;PT. WANA MEDIA;HADI;8874851.07;8136487.57;738363.5;8.3197;REGULAR
01/10/2025;MDP;MOCK-01102025000672;PT. NUSANTARA FURNITURE;BUDIMAN;15397338.74;14116321.98;1281016.76;8.3197;REGULAR
01/10/2025;MDP;MOCK-01102025000673;PT. TUNAS KEUANGAN;WULANDARI;19948799.99;18259319.63;1689480.36;8.4691;REGULAR
01/10/2025;MDP;MOCK-01102025000674;CV. PURI DIRGANTARA;TEJAKUSUMA;7781294.18;7122289.95;659004.23;8.4691;REGULAR
01/10/2025;MDP;MOCK-01102025000675;CV. ASRI KONSULTAN;HADI;9252982.29;8117720.6;1135261.69;12.2691;REGULAR
01/10/2025;MDP;MOCK-01102025000676;CV. HARMONI TRANSPORT;TEJAKUSUMA;24401238.23;21407415.26;2993822.97;12.2691;REGULAR
01/10/2025;MDP;MOCK-01102025000677;CV. SEJAHTERA KIMIA;KUSUMA;62263409.87;54026785.36;8236624.51;13.2287;REGULAR
01/10/2025;MDP;MOCK-01102025000678;CV. MULIA BERKAT;FERNANDO;61459628.03;53329333.21;8130294.82;13.2287;REGULAR
01/10/2025;MDP;MOCK-01102025000679;CV. CAHAYA BUANA;HADI;18522995.32;16275885.03;2247110.29;12.1315;REGULAR
01/10/2025;MDP;MOCK-01102025000680;PT. KARYA KESEHATAN;PRASETYO;23693668.48;20819279.89;2874388.59;12.1315;REGULAR
01/10/2025;MDP;MOCK-01102025000681;CV. MUTIARA MEDIA;WULANDARI;54410958.53;50150113.1;4260845.43;7.8309;REGULAR
01/10/2025;MDP;MOCK-01102025000682;PT. BERSAMA ENERGI;WIJAYA;37209238.67;34295435.67;2913803.0;7.8309;REGULAR
01/10/2025;MDP;MOCK-01102025000683;PT. BERKAH DAGANG;PRASETYO;143923700.13;130475111.23;13448588.9;9.3442;REGULAR
01/10/2025;MDP;MOCK-01102025000684;PT. ABADI EDUKASI;SANTOSO;152649093.9;138385182.48;14263911.42;9.3442;REGULAR
01/10/2025;MDP;MOCK-01102025000685;PT. MITRA TEKSTIL;TEJAKUSUMA;7317344.47;5312592.56;2004751.91;27.3973;REGULAR
01/10/2025;MDP;MOCK-01102025000686;PT. SEJAHTERA PERSADA;WULANDARI;7198391.53;5226229.46;1972162.07;27.3973;REGULAR
01/10/2025;MDP;MOCK-01102025000687;CV. BERKAH MARITIM;WIJAYA;1644715.27;1146202.95;498512.32;30.3099;REGULAR
01/10/2025;MDP;MOCK-01102025000688;PT. GLOBAL BANGUNAN;KUSUMA;1020883.51;711454.27;309429.24;30.3099;REGULAR
01/10/2025;MDP;MOCK-01102025000689;PT. BINTANG ANUGRAH;PRASETYO;1935241.82;1348804.91;586436.91;30.303;REGULAR
01/10/2025;MDP;MOCK-01102025000690;PT. MITRA TAMBANG;WIJAYA;877152.44;611348.67;265803.77;30.303;REGULAR
01/10/2025;MDP;MOCK-01102025000691;PT. INTAN INDUSTRI;FERNANDO;31079856.5;27998074.94;3081781.56;9.9157;REGULAR
01/10/2025;MDP;MOCK-01102025000692;PT. SUKSES KREASI;KUSUMA;34229737.89;30835623.92;3394113.97;9.9157;REGULAR
01/10/2025;MDP;MOCK-01102025000693;CV. SARI OTOMOTIF;WULANDARI;13974345.87;12608826.11;1365519.76;9.7716;REGULAR
01/10/2025;MDP;MOCK-01102025000694;PT. GADING ENERGI;WIJAYA;19297618.03;17411928.42;1885689.61;9.7716;REGULAR
01/10/2025;MDP;MOCK-01102025000695;CV. DAYA FURNITURE;SANTOSO;14945190.58;13616943.38;1328247.2;8.8875;NEW CUSTOMER
01/10/2025;MDP;MOCK-01102025000696;CV. YASA SAMUDRA;KUSUMA;17499792.38;15944506.07;1555286.31;8.8875;NEW CUSTOMER
01/10/2025;MDP;MOCK-01102025000697;CV. BERSAMA KIMIA;KUSUMA;2566422.4;2171588.18;394834.22;15.3846;REGULAR
01/10/2025;MDP;MOCK-01102025000698;CV. GLOBAL ENERGI;PRASETYO;1462388.91;1237406.0;224982.91;15.3846;REGULAR
01/10/2025;MDP;MOCK-01102025000699;PT. MANDIRI PROPERTI;WULANDARI;3702846.87;2874533.37;828313.5;22.3696;REGULAR
01/10/2025;MDP;MOCK-01102025000700;PT. MUTIARA SAMUDRA;KUSUMA;4412070.89;3425106.53;986964.36;22.3696;REGULAR
01/10/2025;MDP;MOCK-01102025000701;CV. PURI DISTRIBUSI;PRASETYO;11382530.31;10192251.79;1190278.52;10.4571;REGULAR
01/10/2025;MDP;MOCK-01102025000702;PT. WIRA MARITIM;WULANDARI;13598481.92;12176479.91;1422002.01;10.4571;REGULAR
01/10/2025;MDP;MOCK-01102025000703;PT. YASA USAHA;KUSUMA;9852971.43;8671621.01;1181350.42;11.9898;REGULAR
01/10/2025;MDP;MOCK-01102025000704;PT. GLOBAL USAHA;WULANDARI;19033723.65;16751620.47;2282103.18;11.9898;REGULAR
01/10/2025;MDP;MOCK-01102025000705;PT. PRIMA BERKAT;KUSUMA;27206780.54;24076728.98;3130051.56;11.5047;REGULAR
01/10/2025;MDP;MOCK-01102025000706;CV. JAYA KREASI;KUSUMA;28486263.27;25209011.38;3277251.89;11.5047;REGULAR
01/10/2025;MDP;MOCK-01102025000707;PT. INTAN TRANSPORT;BUDIMAN;80559427.46;66915784.46;13643643.0;16.9361;REGULAR
01/10/2025;MDP;MOCK-01102025000708;PT. PERMATA TEKNIK;HADI;85333800.38;70881563.76;14452236.62;16.9361;REGULAR
01/10/2025;MDP;MOCK-01102025000709;CV. MANDIRI KONSULTAN;FERNANDO;52136738.34;45698230.23;6438508.11;12.3493;REGULAR
01/10/2025;MDP;MOCK-01102025000710;CV. INDAH EDUKASI;FERNANDO;28521212.82;24999050.41;3522162.41;12.3493;REGULAR
01/10/2025;MDP;MOCK-01102025000711;PT. CEMERLANG DIRGANTARA;WULANDARI;312764126.58;290868986.55;21895140.03;7.0005;REGULAR
01/10/2025;MDP;MOCK-01102025000712;PT. CAHAYA TRANSPORT;SANTOSO;263270971.27;244840613.4;18430357.87;7.0005;REGULAR
01/10/2025;MDP;MOCK-01102025000713;PT. BINTANG SENTRAL;TEJAKUSUMA;70066459.26;60984380.61;9082078.65;12.9621;REGULAR
01/10/2025;MDP;MOCK-01102025000714;PT. AGUNG PERTANIAN;HADI;49250735.58;42866810.11;6383925.47;12.9621;REGULAR
01/10/2025;MDP;MOCK-01102025000715;CV. PURI LOGISTIK;SANTOSO;16356439.3;14945920.42;1410518.88;8.6236;REGULAR
01/10/2025;MDP;MOCK-01102025000716;CV. MAJU ELEKTRIK;WIJAYA;10926258.58;9984018.42;942240.16;8.6236;REGULAR
01/10/2025;MDP;MOCK-01102025000717;PT. HARMONI BERKAT;WULANDARI;56698899.04;51320530.1;5378368.94;9.4858;REGULAR
01/10/2025;MDP;MOCK-01102025000718;PT. PURI TELKOM;KUSUMA;46570213.87;42152636.18;4417577.69;9.4858;REGULAR
01/10/2025;MDP;MOCK-01102025000719;PT. BAHARI SAMUDRA;TEJAKUSUMA;20358644.41;18700551.84;1658092.57;8.1444;REGULAR
01/10/2025;MDP;MOCK-01102025000720;CV. SARI INDUSTRI;WULANDARI;24807434.85;22787014.31;2020420.54;8.1444;REGULAR
01/10/2025;MDP;MOCK-01102025000721;CV. PRIMA DAGANG;FERNANDO;38051337.63;33212348.47;4838989.16;12.717;REGULAR
01/10/2025;MDP;MOCK-01102025000722;CV. SEJAHTERA BERKAT;PRASETYO;32246336.54;28145569.46;4100767.08;12.717;REGULAR
01/10/2025;MDP;MOCK-01102025000723;PT. SEJATI NIAGA;WIJAYA;10141656.24;9090701.79;1050954.45;10.3627;REGULAR
01/10/2025;MDP;MOCK-01102025000724;CV. ABADI OTOMOTIF;KUSUMA;19271855.2;17274761.1;1997094.1;10.3627;REGULAR
01/10/2025;MDP;MOCK-01102025000725;PT. KARTIKA TRANSPORT;BUDIMAN;3571083.0;1785541.49;1785541.51;50.0;NEW CUSTOMER
01/10/2025;MDP;MOCK-01102025000726;PT. MANDIRI TEKNIK;HADI;2923300.42;1461650.21;1461650.21;50.0;NEW CUSTOMER
01/10/2025;MDP;MOCK-01102025000727;PT. YASA KREASI;TEJAKUSUMA;12021620.34;10220394.84;1801225.5;14.9832;REGULAR
01/10/2025;MDP;MOCK-01102025000728;PT. MAJU ENERGI;HADI;11619485.67;9878512.88;1740972.79;14.9832;REGULAR
01/10/2025;MDP;MOCK-01102025000729;CV. WANA INDUSTRI;HADI;35413297.02;31749852.51;3663444.51;10.3448;REGULAR
01/10/2025;MDP;MOCK-01102025000730;PT. PERMATA TEKNIK;KUSUMA;16341009.62;14650560.35;1690449.27;10.3448;REGULAR
01/10/2025;MDP;MOCK-01102025000731;PT. MUTIARA DAGANG;PRASETYO;19343735.48;17828595.63;1515139.85;7.8327;REGULAR
01/10/2025;MDP;MOCK-01102025000732;PT. PRIMA TAMBANG;KUSUMA;9995698.64;9212763.96;782934.68;7.8327;REGULAR
01/10/2025;MDP;MOCK-01102025000733;CV. SEJATI MARITIM;WULANDARI;225763527.64;193201480.39;32562047.25;14.4231;REGULAR
01/10/2025;MDP;MOCK-01102025000734;PT. CEMERLANG TEKNIK;TEJAKUSUMA;199526344.33;170748506.21;28777838.12;14.4231;REGULAR
01/10/2025;MDP;MOCK-01102025000735;PT. PERMATA PERKASA;BUDIMAN;8698032.5;7317392.42;1380640.08;15.873;NEW CUSTOMER
01/10/2025;MDP;MOCK-01102025000736;PT. GADING SAMUDRA;KUSUMA;5970557.29;5022849.78;947707.51;15.873;NEW CUSTOMER
01/10/2025;MDP;MOCK-01102025000737;PT. BERKAH DISTRIBUSI;KUSUMA;17913013.18;15709997.27;2203015.91;12.2984;REGULAR
01/10/2025;MDP;MOCK-01102025000738;CV. SARI TEKNIK;BUDIMAN;28138192.28;24677641.87;3460550.41;12.2984;REGULAR
01/10/2025;MDP;MOCK-01102025000739;PT. MAJU INDUSTRI;FERNANDO;13726046.51;11759360.08;1966686.43;14.3281;REGULAR
01/10/2025;MDP;MOCK-01102025000740;CV. WANA BUANA;BUDIMAN;14454227.7;12383206.48;2071021.22;14.3281;REGULAR
01/10/2025;MDP;MOCK-01102025000741;CV. BERKAH TEKNIK;HADI;12912363.44;11725224.32;1187139.12;9.1938;REGULAR
01/10/2025;MDP;MOCK-01102025000742;CV. MITRA OTOMOTIF;TEJAKUSUMA;18644560.25;16930413.42;1714146.83;9.1938;REGULAR
01/10/2025;MDP;MOCK-01102025000743;PT. SENTOSA INDUSTRI;SANTOSO;21261199.33;19695627.26;1565572.07;7.3635;REGULAR
01/10/2025;MDP;MOCK-01102025000744;PT. MULIA TAMBANG;TEJAKUSUMA;18688098.88;17311997.5;1376101.38;7.3635;REGULAR
01/10/2025;MDP;MOCK-01102025000745;CV. BERKAH OTOMOTIF;WULANDARI;5677102.35;4965859.49;711242.86;12.5283;NEW CUSTOMER
01/10/2025;MDP;MOCK-01102025000746;PT. INTAN DIRGANTARA;BUDIMAN;7088183.8;6200156.81;888026.99;12.5283;NEW CUSTOMER
01/10/2025;MDP;MOCK-01102025000747;CV. ABADI PERKASA;KUSUMA;18125426.53;16538137.98;1587288.55;8.7572;REGULAR
01/10/2025;MDP;MOCK-01102025000748;PT. SAKTI BERKAT;WULANDARI;15993107.42;14592551.35;1400556.07;8.7572;REGULAR
01/10/2025;MDP;MOCK-01102025000749;PT. SARI PERSADA;TEJAKUSUMA;4269945.1;3645394.12;624550.98;14.6267;NEW THIS MONTH
01/10/2025;MDP;MOCK-01102025000750;CV. NUSANTARA TRANSPORT;SANTOSO;5772690.17;4928337.55;844352.62;14.6267;NEW THIS MONTH
01/10/2025;MDP;MOCK-01102025000751;PT. PERMATA MARITIM;TEJAKUSUMA;5222356.95;4234107.1;988249.85;18.9234;REGULAR
01/10/2025;MDP;MOCK-01102025000752;PT. MUTIARA ELEKTRIK;PRASETYO;3168672.35;2569050.38;599621.97;18.9234;REGULAR
01/11/2025;EXPORT AF;MOCK-01112025000753;CV. MANDIRI TELKOM;PRASETYO;32140755.72;19294439.13;12846316.59;39.9689;REGULAR
01/11/2025;EXPORT AF;MOCK-01112025000754;CV. ASRI PERSADA;BUDIMAN;29344269.48;17615678.56;11728590.92;39.9689;REGULAR
01/11/2025;EXPORT FCL;MOCK-01112025000755;CV. CEMERLANG DIRGANTARA;TEJAKUSUMA;36249194.63;28595060.86;7654133.77;21.1153;REGULAR
01/11/2025;EXPORT FCL;MOCK-01112025000756;CV. SEJAHTERA FURNITURE;HADI;40525789.39;31968638.9;8557150.49;21.1153;REGULAR
01/11/2025;IMPORT LCL;MOCK-01112025000757;PT. CEMERLANG ENERGI;WIJAYA;617653.59;95303.67;522349.92;84.57;REGULAR
01/11/2025;IMPORT LCL;MOCK-01112025000758;CV. KENCANA TEKSTIL;SANTOSO;765481.3;118113.42;647367.88;84.57;REGULAR
01/11/2025;MDP;MOCK-01112025000759;CV. KENCANA MARITIM;WULANDARI;31464832.32;27773149.08;3691683.24;11.7327;REGULAR
01/11/2025;MDP;MOCK-01112025000760;PT. MULIA BERKAT;SANTOSO;21772239.99;19217762.26;2554477.73;11.7327;REGULAR
01/11/2025;MDP;MOCK-01112025000761;CV. YASA MEDIA;WULANDARI;118683176.97;101503720.52;17179456.45;14.4751;REGULAR
01/11/2025;MDP;MOCK-01112025000762;PT. BINTANG DIRGANTARA;FERNANDO;130505387.79;111614659.7;18890728.09;14.4751;REGULAR
01/11/2025;MDP;MOCK-01112025000763;CV. MULIA KREASI;PRASETYO;8736847.82;8078722.02;658125.8;7.5328;REGULAR
01/11/2025;MDP;MOCK-01112025000764;CV. SEJATI EDUKASI;PRASETYO;15462137.85;14297412.08;1164725.77;7.5328;REGULAR
01/11/2025;MDP;MOCK-01112025000765;PT. INDAH DISTRIBUSI;BUDIMAN;38676125.69;33035807.91;5640317.78;14.5835;REGULAR
01/11/2025;MDP;MOCK-01112025000766;CV. GADING TELKOM;FERNANDO;44504535.89;38014234.18;6490301.71;14.5835;REGULAR
01/11/2025;MDP;MOCK-01112025000767;PT. SAKTI TRANSPORT;WIJAYA;42329750.62;37037185.77;5292564.85;12.5032;REGULAR
01/11/2025;MDP;MOCK-01112025000768;CV. PERMATA USAHA;FERNANDO;36289438.91;31752105.09;4537333.82;12.5032;REGULAR
01/11/2025;MDP;MOCK-01112025000769;PT. MULIA OTOMOTIF;WULANDARI;52135419.32;47160204.67;4975214.65;9.5429;REGULAR
01/11/2025;MDP;MOCK-01112025000770;CV. INDAH PERSADA;KUSUMA;46619218.21;42170407.39;4448810.82;9.5429;REGULAR
01/11/2025;MDP;MOCK-01112025000771;CV. TUNAS KESEHATAN;FERNANDO;16250802.66;14865479.04;1385323.62;8.5246;REGULAR
01/11/2025;MDP;MOCK-01112025000772;CV. YASA ELEKTRIK;WIJAYA;28840432.63;26381887.45;2458545.18;8.5246;REGULAR
01/11/2025;MDP;MOCK-01112025000773;PT. SEJATI SAMUDRA;WULANDARI;22544388.39;20329948.97;2214439.42;9.8226;REGULAR
01/11/2025;MDP;MOCK-01112025000774;PT. BERKAH TELKOM;WIJAYA;18945390.53;17084465.37;1860925.16;9.8226;REGULAR
01/11/2025;MDP;MOCK-01112025000775;CV. SENTOSA PANGAN;WIJAYA;16460071.94;14390419.47;2069652.47;12.5738;REGULAR
01/11/2025;MDP;MOCK-01112025000776;CV. WIRA SAMUDRA;HADI;21965984.77;19204031.2;2761953.57;12.5738;REGULAR
01/11/2025;MDP;MOCK-01112025000777;PT. SEJAHTERA OTOMOTIF;FERNANDO;60870869.66;53702179.34;7168690.32;11.7769;REGULAR
01/11/2025;MDP;MOCK-01112025000778;PT. KARYA BUANA;FERNANDO;163279012.5;144049836.32;19229176.18;11.7769;REGULAR
01/11/2025;MDP;MOCK-01112025000779;CV. NUSANTARA TRANSPORT;KUSUMA;57887442.14;47316275.4;10571166.74;18.2616;REGULAR
01/11/2025;MDP;MOCK-01112025000780;PT. PRIMA KESEHATAN;BUDIMAN;91773583.29;75014268.74;16759314.55;18.2616;REGULAR
01/11/2025;MDP;MOCK-01112025000781;PT. YASA OTOMOTIF;PRASETYO;569742.32;491117.88;78624.44;13.8;REGULAR
01/11/2025;MDP;MOCK-01112025000782;CV. MANDIRI OTOMOTIF;HADI;516564.5;445278.6;71285.9;13.8;REGULAR
01/11/2025;MDP;MOCK-01112025000783;CV. YASA TRANSPORT;SANTOSO;3782964.88;2026588.33;1756376.55;46.4286;REGULAR
01/11/2025;MDP;MOCK-01112025000784;PT. WANA KESEHATAN;PRASETYO;4293424.74;2300048.97;1993375.77;46.4286;REGULAR
01/11/2025;MDP;MOCK-01112025000785;CV. DAYA KEUANGAN;PRASETYO;103852759.13;84552201.74;19300557.39;18.5845;REGULAR
01/11/2025;MDP;MOCK-01112025000786;PT. TUNAS KESEHATAN;FERNANDO;120723358.25;98287477.65;22435880.6;18.5845;REGULAR
01/11/2025;MDP;MOCK-01112025000787;PT. BERKAH USAHA;WIJAYA;157326022.61;139078671.34;18247351.27;11.5984;REGULAR
01/11/2025;MDP;MOCK-01112025000788;PT. SARI BUANA;WIJAYA;194129387.21;171613422.83;22515964.38;11.5984;REGULAR
01/11/2025;MDP;MOCK-01112025000789;PT. DAYA KREASI;SANTOSO;802613.5;615957.76;186655.74;23.256;REGULAR
01/11/2025;MDP;MOCK-01112025000790;PT. ABADI KONSULTAN;WULANDARI;1059969.18;813462.82;246506.36;23.256;REGULAR
01/11/2025;MDP;MOCK-01112025000791;CV. MUTIARA PANGAN;BUDIMAN;36004583.69;31604536.58;4400047.11;12.2208;REGULAR
01/11/2025;MDP;MOCK-01112025000792;CV. SAKTI BERKAT;FERNANDO;28618072.03;25120715.52;3497356.51;12.2208;REGULAR
01/11/2025;MDP;MOCK-01112025000793;PT. INDAH KEUANGAN;WIJAYA;1358301.01;963558.06;394742.95;29.0615;REGULAR
01/11/2025;MDP;MOCK-01112025000794;CV. SUKSES ANUGRAH;WULANDARI;1249520.91;886391.11;363129.8;29.0615;REGULAR
01/11/2025;MDP;MOCK-01112025000795;CV. SEJATI MEDIA;TEJAKUSUMA;21642775.11;19989714.79;1653060.32;7.6379;REGULAR
01/11/2025;MDP;MOCK-01112025000796;PT. SENTOSA PANGAN;TEJAKUSUMA;10706167.19;9888437.48;817729.71;7.6379;REGULAR
01/11/2025;MDP;MOCK-01112025000797;PT. ABADI ELEKTRIK;HADI;2672610.01;1748359.07;924250.94;34.5823;NEW CUSTOMER
01/11/2025;MDP;MOCK-01112025000798;PT. PURI KREASI;WIJAYA;2310286.42;1511335.44;798950.98;34.5823;NEW CUSTOMER
01/11/2025;MDP;MOCK-01112025000799;PT. SAKTI TEKSTIL;WIJAYA;43579376.61;39452608.06;4126768.55;9.4695;REGULAR
01/11/2025;MDP;MOCK-01112025000800;CV. MUTIARA DISTRIBUSI;KUSUMA;46772688.05;42343527.44;4429160.61;9.4695;REGULAR
01/11/2025;MDP;MOCK-01112025000801;PT. CAHAYA TELKOM;BUDIMAN;76893679.24;67651040.97;9242638.27;12.02;REGULAR
01/11/2025;MDP;MOCK-01112025000802;PT. WIRA KEUANGAN;SANTOSO;59835190.75;52642986.79;7192203.96;12.02;REGULAR
01/11/2025;MDP;MOCK-01112025000803;PT. SEJATI PERTANIAN;BUDIMAN;18838699.18;15998576.63;2840122.55;15.076;REGULAR
01/11/2025;MDP;MOCK-01112025000804;CV. BERSAMA KONSULTAN;SANTOSO;25610939.54;21749833.93;3861105.61;15.076;REGULAR
01/11/2025;MDP;MOCK-01112025000805;CV. ABADI BANGUNAN;BUDIMAN;2663616.18;2287576.25;376039.93;14.1176;REGULAR
01/11/2025;MDP;MOCK-01112025000806;CV. YASA PERKASA;PRASETYO;6780702.09;5823426.5;957275.59;14.1176;REGULAR
01/11/2025;MDP;MOCK-01112025000807;CV. PURI KESEHATAN;HADI;4959001.41;4211382.72;747618.69;15.076;REGULAR
01/11/2025;MDP;MOCK-01112025000808;PT. PURI TEKNIK;WIJAYA;2688838.35;2283469.28;405369.07;15.076;REGULAR
01/11/2025;MDP;MOCK-01112025000809;PT. DAYA DISTRIBUSI;BUDIMAN;13076328.09;11983075.37;1093252.72;8.3605;REGULAR
01/11/2025;MDP;MOCK-01112025000810;PT. TUNAS ENERGI;BUDIMAN;11914861.67;10918713.91;996147.76;8.3605;REGULAR
01/11/2025;MDP;MOCK-01112025000811;CV. PURI PROPERTI;SANTOSO;228055.11;136833.07;91222.04;40.0;REGULAR
01/11/2025;MDP;MOCK-01112025000812;PT. AGUNG PROPERTI;WIJAYA;186140.86;111684.52;74456.34;40.0;REGULAR
01/11/2025;MDP;MOCK-01112025000813;PT. BAHARI TEKSTIL;SANTOSO;6347393.56;5318834.84;1028558.72;16.2044;REGULAR
01/11/2025;MDP;MOCK-01112025000814;PT. SENTOSA DISTRIBUSI;SANTOSO;6463038.22;5415739.95;1047298.27;16.2044;REGULAR
01/11/2025;MDP;MOCK-01112025000815;CV. WIRA BANGUNAN;KUSUMA;3413574.78;3000977.19;412597.59;12.087;REGULAR
01/11/2025;MDP;MOCK-01112025000816;CV. SEJATI TAMBANG;WIJAYA;3088598.92;2715281.04;373317.88;12.087;REGULAR
01/11/2025;MDP;MOCK-01112025000817;PT. SUKSES KREASI;PRASETYO;2190833.56;1777809.21;413024.35;18.8524;REGULAR
01/11/2025;MDP;MOCK-01112025000818;PT. YASA EDUKASI;WIJAYA;2042984.56;1657833.27;385151.29;18.8524;REGULAR
01/11/2025;MDP;MOCK-01112025000819;PT. GLOBAL FURNITURE;PRASETYO;3887382.88;3193207.38;694175.5;17.8571;REGULAR
01/11/2025;MDP;MOCK-01112025000820;CV. KENCANA PANGAN;FERNANDO;3715171.54;3051748.06;663423.48;17.8571;REGULAR
01/11/2025;MDP;MOCK-01112025000821;PT. MULIA SAMUDRA;BUDIMAN;8751980.76;7701743.07;1050237.69;12.0;REGULAR
01/11/2025;MDP;MOCK-01112025000822;CV. MUTIARA KESEHATAN;WULANDARI;6978128.52;6140753.1;837375.42;12.0;REGULAR
01/11/2025;MDP;MOCK-01112025000823;CV. DAYA KONSULTAN;WULANDARI;7359063.78;5873695.06;1485368.72;20.1842;REGULAR
01/11/2025;MDP;MOCK-01112025000824;CV. BINTANG LOGISTIK;WULANDARI;4199091.09;3351537.82;847553.27;20.1842;REGULAR
01/11/2025;MDP;MOCK-01112025000825;PT. SARI BUANA;WULANDARI;2632485.8;2217869.51;414616.29;15.75;REGULAR
01/11/2025;MDP;MOCK-01112025000826;CV. INTAN EDUKASI;TEJAKUSUMA;3563935.5;3002615.96;561319.54;15.75;REGULAR
01/11/2025;MDP;MOCK-01112025000827;CV. MUTIARA FURNITURE;FERNANDO;1562678.27;1283642.94;279035.33;17.8562;REGULAR
01/11/2025;MDP;MOCK-01112025000828;PT. MITRA INDUSTRI;WIJAYA;950021.84;780383.81;169638.03;17.8562;REGULAR
01/12/2025;EXPORT AF;MOCK-01122025000829;PT. BERSAMA NIAGA;WIJAYA;18291092.25;15817174.35;2473917.9;13.5253;REGULAR
01/12/2025;EXPORT AF;MOCK-01122025000830;CV. DAYA ANUGRAH;SANTOSO;16997483.65;14698529.68;2298953.97;13.5253;REGULAR
01/12/2025;EXPORT FCL;MOCK-01122025000831;CV. NUSANTARA TEKSTIL;HADI;1320886.33;597548.71;723337.62;54.7615;REGULAR
01/12/2025;EXPORT FCL;MOCK-01122025000832;CV. AGUNG EDUKASI;WIJAYA;1845191.65;834736.39;1010455.26;54.7615;REGULAR
01/12/2025;EXPORT LCL;MOCK-01122025000833;CV. JAYA TELKOM;SANTOSO;1968220.1;1344507.41;623712.69;31.6892;REGULAR
01/12/2025;EXPORT LCL;MOCK-01122025000834;PT. PERMATA INDUSTRI;TEJAKUSUMA;1115953.23;762316.87;353636.36;31.6892;REGULAR
01/12/2025;EXPORT LCL;MOCK-01122025000835;PT. INTAN PANGAN;SANTOSO;5155941.54;2772077.75;2383863.79;46.2353;REGULAR
01/12/2025;EXPORT LCL;MOCK-01122025000836;CV. SUKSES PERKASA;KUSUMA;6236279.59;3352918.52;2883361.07;46.2353;REGULAR
01/12/2025;IMPORT FCL;MOCK-01122025000837;PT. SEJATI MEDIA;WULANDARI;25158125.52;22618098.85;2540026.67;10.0962;REGULAR
01/12/2025;IMPORT FCL;MOCK-01122025000838;CV. ABADI DISTRIBUSI;WULANDARI;17088310.25;15363032.12;1725278.13;10.0962;REGULAR
01/12/2025;MDP;MOCK-01122025000839;CV. GLOBAL KEUANGAN;FERNANDO;14985905.74;13558474.38;1427431.36;9.5252;REGULAR
01/12/2025;MDP;MOCK-01122025000840;CV. JAYA PERKASA;WIJAYA;12847864.2;11624084.69;1223779.51;9.5252;REGULAR
01/12/2025;MDP;MOCK-01122025000841;PT. SAKTI PROPERTI;WULANDARI;19984469.61;17902355.98;2082113.63;10.4187;REGULAR
01/12/2025;MDP;MOCK-01122025000842;CV. MUTIARA MARITIM;SANTOSO;15199378.96;13615807.57;1583571.39;10.4187;REGULAR
01/12/2025;MDP;MOCK-01122025000843;PT. DELIMA SENTRAL;PRASETYO;9396046.51;8599823.56;796222.95;8.474;REGULAR
01/12/2025;MDP;MOCK-01122025000844;CV. SEJATI KONSULTAN;FERNANDO;10702973.97;9796001.72;906972.25;8.474;REGULAR
01/12/2025;MDP;MOCK-01122025000845;PT. SUKSES TAMBANG;WULANDARI;20401701.73;18280075.08;2121626.65;10.3993;REGULAR
01/12/2025;MDP;MOCK-01122025000846;CV. INTAN MARITIM;PRASETYO;18237154.16;16340624.51;1896529.65;10.3993;REGULAR
01/12/2025;MDP;MOCK-01122025000847;CV. SEJAHTERA PERSADA;SANTOSO;20117092.27;18107761.97;2009330.3;9.9882;REGULAR
01/12/2025;MDP;MOCK-01122025000848;PT. AGUNG TELKOM;SANTOSO;44560389.19;40109619.72;4450769.47;9.9882;REGULAR
01/12/2025;MDP;MOCK-01122025000849;PT. MANDIRI SENTRAL;KUSUMA;178509774.45;156357742.0;22152032.45;12.4094;REGULAR
01/12/2025;MDP;MOCK-01122025000850;CV. KARTIKA NIAGA;KUSUMA;181622925.25;159084568.75;22538356.5;12.4094;REGULAR
01/12/2025;MDP;MOCK-01122025000851;PT. DELIMA MARITIM;TEJAKUSUMA;8290889.98;7485495.42;805394.56;9.7142;REGULAR
01/12/2025;MDP;MOCK-01122025000852;CV. KARTIKA KONSULTAN;FERNANDO;13887393.74;12538342.98;1349050.76;9.7142;REGULAR
01/12/2025;MDP;MOCK-01122025000853;CV. BINTANG KIMIA;TEJAKUSUMA;35506825.47;30158540.18;5348285.29;15.0627;REGULAR
01/12/2025;MDP;MOCK-01122025000854;PT. SUKSES OTOMOTIF;HADI;20471683.28;17388095.8;3083587.48;15.0627;REGULAR
01/12/2025;MDP;MOCK-01122025000855;PT. KARYA MEDIA;WIJAYA;17997270.17;15450693.7;2546576.47;14.1498;REGULAR
01/12/2025;MDP;MOCK-01122025000856;PT. KARTIKA FURNITURE;FERNANDO;14828992.24;12730720.54;2098271.7;14.1498;REGULAR
01/12/2025;MDP;MOCK-01122025000857;PT. WIRA TELKOM;BUDIMAN;8833027.22;8123993.01;709034.21;8.0271;REGULAR
01/12/2025;MDP;MOCK-01122025000858;PT. KARTIKA KEUANGAN;SANTOSO;20801877.13;19132093.7;1669783.43;8.0271;REGULAR
01/12/2025;MDP;MOCK-01122025000859;CV. SAKTI TAMBANG;WULANDARI;66996774.16;56593239.91;10403534.25;15.5284;REGULAR
01/12/2025;MDP;MOCK-01122025000860;CV. SUKSES MARITIM;HADI;41446714.21;35010698.21;6436016.0;15.5284;REGULAR
01/12/2025;MDP;MOCK-01122025000861;PT. SARI INDUSTRI;KUSUMA;26924019.64;24347924.39;2576095.25;9.568;REGULAR
01/12/2025;MDP;MOCK-01122025000862;PT. CEMERLANG SAMUDRA;WIJAYA;25036730.41;22641211.35;2395519.06;9.568;REGULAR
01/12/2025;MDP;MOCK-01122025000863;PT. MAJU LOGISTIK;WIJAYA;4445848.21;3139712.09;1306136.12;29.3788;REGULAR
01/12/2025;MDP;MOCK-01122025000864;PT. PURI ANUGRAH;WULANDARI;6539980.88;4618614.06;1921366.82;29.3788;REGULAR
01/12/2025;MDP;MOCK-01122025000865;PT. NUSANTARA PERTANIAN;KUSUMA;12300452.95;10762079.19;1538373.76;12.5066;REGULAR
01/12/2025;MDP;MOCK-01122025000866;CV. BUDI TEKSTIL;KUSUMA;24103152.01;21088656.8;3014495.21;12.5066;REGULAR
01/12/2025;MDP;MOCK-01122025000867;CV. SEJATI TAMBANG;WIJAYA;39520052.96;35096170.77;4423882.19;11.194;REGULAR
01/12/2025;MDP;MOCK-01122025000868;CV. BERKAH TEKSTIL;WIJAYA;32474317.51;28839136.28;3635181.23;11.194;REGULAR
01/12/2025;MDP;MOCK-01122025000869;CV. BAHARI PANGAN;HADI;50619399.25;44536315.96;6083083.29;12.0173;REGULAR
01/12/2025;MDP;MOCK-01122025000870;PT. SUKSES KESEHATAN;FERNANDO;24588262.67;21633418.24;2954844.43;12.0173;REGULAR
01/12/2025;MDP;MOCK-01122025000871;CV. KENCANA TRANSPORT;FERNANDO;12086174.08;10666275.57;1419898.51;11.7481;REGULAR
01/12/2025;MDP;MOCK-01122025000872;PT. CEMERLANG KONSULTAN;TEJAKUSUMA;19382681.86;17105580.7;2277101.16;11.7481;REGULAR
01/12/2025;MDP;MOCK-01122025000873;CV. CEMERLANG PERKASA;KUSUMA;9495023.69;8459188.91;1035834.78;10.9092;REGULAR
01/12/2025;MDP;MOCK-01122025000874;PT. KARTIKA DISTRIBUSI;HADI;18820930.87;16767710.65;2053220.22;10.9092;REGULAR
01/12/2025;MDP;MOCK-01122025000875;CV. WANA MEDIA;KUSUMA;23932224.44;20772455.35;3159769.09;13.203;REGULAR
01/12/2025;MDP;MOCK-01122025000876;PT. BERKAH DIRGANTARA;TEJAKUSUMA;10087798.8;8755907.78;1331891.02;13.203;REGULAR
01/12/2025;MDP;MOCK-01122025000877;CV. KARYA DISTRIBUSI;WIJAYA;16132585.91;14003017.11;2129568.8;13.2004;REGULAR
01/12/2025;MDP;MOCK-01122025000878;PT. WANA SENTRAL;SANTOSO;13653911.46;11851538.05;1802373.41;13.2004;REGULAR
01/12/2025;MDP;MOCK-01122025000879;PT. BINTANG BANGUNAN;KUSUMA;18136939.64;16031172.44;2105767.2;11.6104;REGULAR
01/12/2025;MDP;MOCK-01122025000880;CV. ASRI PROPERTI;PRASETYO;14424575.41;12749827.71;1674747.7;11.6104;REGULAR
01/12/2025;MDP;MOCK-01122025000881;PT. CEMERLANG SAMUDRA;WIJAYA;27989646.89;25144891.41;2844755.48;10.1636;REGULAR
01/12/2025;MDP;MOCK-01122025000882;CV. PRIMA BUANA;PRASETYO;21884469.77;19660220.02;2224249.75;10.1636;REGULAR
01/12/2025;MDP;MOCK-01122025000883;PT. GADING PROPERTI;SANTOSO;10151939.84;8952150.02;1199789.82;11.8183;REGULAR
01/12/2025;MDP;MOCK-01122025000884;CV. PERMATA FURNITURE;WIJAYA;7634700.61;6732406.45;902294.16;11.8183;REGULAR
01/12/2025;MDP;MOCK-01122025000885;CV. KENCANA TEKNIK;WIJAYA;25479454.08;21956865.75;3522588.33;13.8252;REGULAR
01/12/2025;MDP;MOCK-01122025000886;CV. DELIMA OTOMOTIF;TEJAKUSUMA;22213127.67;19142115.87;3071011.8;13.8252;REGULAR
01/12/2025;MDP;MOCK-01122025000887;CV. GADING EDUKASI;SANTOSO;4569415.63;4005154.09;564261.54;12.3487;REGULAR
01/12/2025;MDP;MOCK-01122025000888;CV. BERSAMA OTOMOTIF;PRASETYO;5476545.78;4800265.83;676279.95;12.3487;REGULAR
01/12/2025;MDP;MOCK-01122025000889;PT. CAHAYA TAMBANG;WULANDARI;15716548.95;14176674.26;1539874.69;9.7978;REGULAR
01/12/2025;MDP;MOCK-01122025000890;PT. GLOBAL PERSADA;KUSUMA;9168738.88;8270404.96;898333.92;9.7978;REGULAR
01/12/2025;MDP;MOCK-01122025000891;CV. BERSAMA USAHA;TEJAKUSUMA;1364833.08;948157.57;416675.51;30.5294;REGULAR
01/12/2025;MDP;MOCK-01122025000892;PT. BUDI BUANA;FERNANDO;2426760.94;1685885.1;740875.84;30.5294;REGULAR
01/12/2025;MDP;MOCK-01122025000893;PT. MUTIARA DAGANG;PRASETYO;5077556.05;4433398.43;644157.62;12.6864;REGULAR
01/12/2025;MDP;MOCK-01122025000894;CV. SEJATI BERKAT;PRASETYO;5486543.34;4790500.07;696043.27;12.6864;REGULAR
01/12/2025;MDP;MOCK-01122025000895;CV. NUSANTARA FURNITURE;BUDIMAN;1017626.57;620167.72;397458.85;39.0574;REGULAR
01/12/2025;MDP;MOCK-01122025000896;CV. WANA LOGISTIK;WIJAYA;1044715.47;636676.39;408039.08;39.0574;REGULAR
01/12/2025;MDP;MOCK-01122025000897;CV. JAYA ELEKTRIK;TEJAKUSUMA;22880651.84;20060524.49;2820127.35;12.3254;REGULAR
01/12/2025;MDP;MOCK-01122025000898;CV. MUTIARA USAHA;WIJAYA;12769285.63;11195422.62;1573863.01;12.3254;REGULAR
01/12/2025;MDP;MOCK-01122025000899;PT. BUDI INDUSTRI;SANTOSO;14682588.4;12592576.39;2090012.01;14.2346;REGULAR
01/12/2025;MDP;MOCK-01122025000900;CV. INTAN KEUANGAN;SANTOSO;14349636.66;12307019.09;2042617.57;14.2346;REGULAR
01/12/2025;MDP;MOCK-01122025000901;CV. BERKAH EDUKASI;BUDIMAN;8000922.43;6752017.15;1248905.28;15.6095;REGULAR
01/12/2025;MDP;MOCK-01122025000902;CV. CAHAYA LOGISTIK;SANTOSO;7839724.68;6615981.58;1223743.1;15.6095;REGULAR
01/12/2025;MDP;MOCK-01122025000903;CV. DAYA FURNITURE;WULANDARI;59403086.93;53365355.0;6037731.93;10.164;REGULAR
01/12/2025;MDP;MOCK-01122025000904;CV. BERKAH KREASI;PRASETYO;53046774.1;47655098.04;5391676.06;10.164;REGULAR
01/12/2025;MDP;MOCK-01122025000905;CV. JAYA USAHA;TEJAKUSUMA;11868230.51;10919858.46;948372.05;7.9908;REGULAR
01/12/2025;MDP;MOCK-01122025000906;CV. JAYA TEKSTIL;HADI;10014496.77;9214253.73;800243.04;7.9908;REGULAR
01/12/2025;MDP;MOCK-01122025000907;PT. BUDI INDUSTRI;PRASETYO;3992950.48;3327458.74;665491.74;16.6667;REGULAR
01/12/2025;MDP;MOCK-01122025000908;CV. HARMONI PERTANIAN;HADI;2114872.69;1762393.91;352478.78;16.6667;REGULAR
01/12/2025;MDP;MOCK-01122025000909;PT. INTAN LOGISTIK;FERNANDO;12783915.41;11310766.6;1473148.81;11.5235;REGULAR
01/12/2025;MDP;MOCK-01122025000910;PT. SAKTI KEUANGAN;WULANDARI;17830948.44;15776207.02;2054741.42;11.5235;REGULAR
01/12/2025;MDP;MOCK-01122025000911;CV. GLOBAL TRANSPORT;HADI;895678.98;597119.32;298559.66;33.3333;REGULAR
01/12/2025;MDP;MOCK-01122025000912;PT. MANDIRI ANUGRAH;KUSUMA;1460271.51;973514.34;486757.17;33.3333;REGULAR
01/12/2025;MDP;MOCK-01122025000913;PT. DELIMA KIMIA;KUSUMA;3999781.93;3466097.06;533684.87;13.3428;REGULAR
01/12/2025;MDP;MOCK-01122025000914;CV. PRIMA NIAGA;HADI;2886090.7;2501003.97;385086.73;13.3428;REGULAR
01/12/2025;MDP;MOCK-01122025000915;PT. BUDI KEUANGAN;FERNANDO;4779557.0;3982964.17;796592.83;16.6667;REGULAR
01/12/2025;MDP;MOCK-01122025000916;CV. PRIMA ELEKTRIK;WIJAYA;3190393.64;2658661.37;531732.27;16.6667;REGULAR
01/12/2025;MDP;MOCK-01122025000917;CV. CEMERLANG OTOMOTIF;KUSUMA;72206528.49;62408434.09;9798094.4;13.5695;REGULAR
01/12/2025;MDP;MOCK-01122025000918;PT. BINTANG KIMIA;HADI;84757612.69;73256393.79;11501218.9;13.5695;REGULAR
01/12/2025;MDP;MOCK-01122025000919;CV. BERSAMA BANGUNAN;FERNANDO;6638808.92;5737004.04;901804.88;13.5838;REGULAR
01/12/2025;MDP;MOCK-01122025000920;CV. CAHAYA SAMUDRA;KUSUMA;8698693.59;7517077.36;1181616.23;13.5838;REGULAR
01/12/2025;MDP;MOCK-01122025000921;CV. MITRA KESEHATAN;WULANDARI;4160824.02;3671104.99;489719.03;11.7698;REGULAR
01/12/2025;MDP;MOCK-01122025000922;CV. INDAH SENTRAL;FERNANDO;4515311.72;3983870.33;531441.39;11.7698;REGULAR
01/12/2025;MDP;MOCK-01122025000923;PT. HARMONI KREASI;BUDIMAN;10555630.79;9471892.93;1083737.86;10.2669;REGULAR
01/12/2025;MDP;MOCK-01122025000924;CV. MULIA FURNITURE;BUDIMAN;21343754.42;19152408.86;2191345.56;10.2669;REGULAR
01/12/2025;MDP;MOCK-01122025000925;CV. YASA TRANSPORT;SANTOSO;45388623.68;39315890.92;6072732.76;13.3794;REGULAR
01/12/2025;MDP;MOCK-01122025000926;PT. MULIA KREASI;FERNANDO;20867401.72;18075465.24;2791936.48;13.3794;REGULAR
01/12/2025;MDP;MOCK-01122025000927;CV. BAHARI BERKAT;PRASETYO;1585850.24;1145383.92;440466.32;27.7748;NEW CUSTOMER
01/12/2025;MDP;MOCK-01122025000928;CV. AGUNG INDUSTRI;WIJAYA;1715174.82;1238788.89;476385.93;27.7748;NEW CUSTOMER
01/12/2025;MDP;MOCK-01122025000929;PT. ABADI PANGAN;WULANDARI;106938059.66;93906299.33;13031760.33;12.1863;REGULAR
01/12/2025;MDP;MOCK-01122025000930;CV. WIRA BUANA;WIJAYA;74063067.49;65037542.36;9025525.13;12.1863;REGULAR
01/12/2025;MDP;MOCK-01122025000931;PT. DAYA EDUKASI;HADI;14178167.48;13371233.23;806934.25;5.6914;REGULAR
01/12/2025;MDP;MOCK-01122025000932;CV. PRIMA MARITIM;WIJAYA;10073037.38;9499741.93;573295.45;5.6914;REGULAR
01/12/2025;MDP;MOCK-01122025000933;PT. DELIMA ENERGI;WULANDARI;4327478.04;3676108.84;651369.2;15.0519;REGULAR
01/12/2025;MDP;MOCK-01122025000934;PT. BAHARI LOGISTIK;SANTOSO;4854593.38;4123883.13;730710.25;15.0519;REGULAR
01/12/2025;MDP;MOCK-01122025000935;PT. PRIMA SAMUDRA;TEJAKUSUMA;4489408.44;3741173.7;748234.74;16.6667;REGULAR
01/12/2025;MDP;MOCK-01122025000936;CV. INTAN ENERGI;SANTOSO;5490300.44;4575250.37;915050.07;16.6667;REGULAR
01/12/2025;MDP;MOCK-01122025000937;CV. KARTIKA BERKAT;SANTOSO;45874455.83;39847354.97;6027100.86;13.1383;REGULAR
01/12/2025;MDP;MOCK-01122025000938;PT. INDAH PERTANIAN;HADI;32818809.46;28506992.11;4311817.35;13.1383;REGULAR
01/12/2025;MDP;MOCK-01122025000939;CV. PURI BERKAT;KUSUMA;15477191.26;14205900.65;1271290.61;8.214;REGULAR
01/12/2025;MDP;MOCK-01122025000940;PT. SAKTI BUANA;KUSUMA;30688174.35;28167459.37;2520714.98;8.214;REGULAR
01/12/2025;MDP;MOCK-01122025000941;CV. INDAH DAGANG;BUDIMAN;9145158.66;7551684.04;1593474.62;17.4242;REGULAR
01/12/2025;MDP;MOCK-01122025000942;CV. SENTOSA EDUKASI;TEJAKUSUMA;10347618.47;8544624.34;1802994.13;17.4242;REGULAR
01/12/2025;MDP;MOCK-01122025000943;CV. KARYA ELEKTRIK;SANTOSO;9958510.98;8840679.37;1117831.61;11.2249;REGULAR
01/12/2025;MDP;MOCK-01122025000944;PT. BERKAH FURNITURE;KUSUMA;11745835.06;10427378.34;1318456.72;11.2249;REGULAR
01/12/2025;MDP;MOCK-01122025000945;CV. MAJU BERKAT;BUDIMAN;9040966.24;7989866.86;1051099.38;11.626;REGULAR
01/12/2025;MDP;MOCK-01122025000946;CV. SEJATI KIMIA;HADI;11276504.21;9965502.02;1311002.19;11.626;REGULAR
01/01/2026;EXPORT AF;MOCK-01012026000947;CV. JAYA EDUKASI;SANTOSO;46651898.02;42902404.17;3749493.85;8.0372;NEW CUSTOMER
01/01/2026;EXPORT AF;MOCK-01012026000948;PT. MANDIRI BUANA;HADI;32106261.91;29525826.03;2580435.88;8.0372;NEW CUSTOMER
01/01/2026;EXPORT FCL;MOCK-01012026000949;CV. BERKAH DAGANG;KUSUMA;45573328.95;41109831.35;4463497.6;9.7941;REGULAR
01/01/2026;EXPORT FCL;MOCK-01012026000950;PT. SENTOSA PERSADA;HADI;43980974.32;39673433.53;4307540.79;9.7941;REGULAR
01/01/2026;EXPORT FCL;MOCK-01012026000951;CV. HARMONI DISTRIBUSI;PRASETYO;7882692.4;6281936.01;1600756.39;20.3072;REGULAR
01/01/2026;EXPORT FCL;MOCK-01012026000952;PT. SAKTI ANUGRAH;TEJAKUSUMA;7294369.45;5813085.14;1481284.31;20.3072;REGULAR
01/01/2026;EXPORT LCL;MOCK-01012026000953;CV. CAHAYA SENTRAL;SANTOSO;5429581.54;4511180.72;918400.82;16.9148;NEW CUSTOMER
01/01/2026;EXPORT LCL;MOCK-01012026000954;PT. GLOBAL MARITIM;KUSUMA;3047884.65;2532342.2;515542.45;16.9148;NEW CUSTOMER
01/01/2026;IMPORT LCL;MOCK-01012026000955;PT. SEJATI TEKNIK;PRASETYO;17101015.71;14744340.2;2356675.51;13.7809;REGULAR
01/01/2026;IMPORT LCL;MOCK-01012026000956;CV. MAJU SENTRAL;KUSUMA;16373264.41;14116879.65;2256384.76;13.7809;REGULAR
01/01/2026;IMPORT FCL;MOCK-01012026000957;CV. HARMONI LOGISTIK;SANTOSO;4322200.65;3231897.44;1090303.21;25.2257;NEW CUSTOMER
01/01/2026;IMPORT FCL;MOCK-01012026000958;CV. KARTIKA KONSULTAN;WULANDARI;5080710.72;3799068.41;1281642.31;25.2257;NEW CUSTOMER
01/01/2026;IMPORT FCL;MOCK-01012026000959;PT. BINTANG DIRGANTARA;BUDIMAN;4483680.21;4157350.39;326329.82;7.2782;NEW THIS MONTH
01/01/2026;IMPORT FCL;MOCK-01012026000960;CV. MANDIRI TRANSPORT;WULANDARI;4327274.33;4012327.99;314946.34;7.2782;NEW THIS MONTH
01/01/2026;MDP;MOCK-01012026000961;PT. AGUNG DIRGANTARA;PRASETYO;75492313.13;65994592.82;9497720.31;12.581;REGULAR
01/01/2026;MDP;MOCK-01012026000962;CV. DELIMA DAGANG;SANTOSO;109923941.98;96094363.67;13829578.31;12.581;REGULAR
01/01/2026;MDP;MOCK-01012026000963;CV. AGUNG KREASI;SANTOSO;12119766.38;10476214.3;1643552.08;13.5609;REGULAR
01/01/2026;MDP;MOCK-01012026000964;CV. YASA SAMUDRA;WIJAYA;14724233.0;12727491.23;1996741.77;13.5609;REGULAR
01/01/2026;MDP;MOCK-01012026000965;PT. BUDI USAHA;WIJAYA;14577645.4;13880430.76;697214.64;4.7828;REGULAR
01/01/2026;MDP;MOCK-01012026000966;CV. MITRA SENTRAL;BUDIMAN;17732903.34;16884780.1;848123.24;4.7828;REGULAR
01/01/2026;MDP;MOCK-01012026000967;CV. TUNAS KREASI;WIJAYA;33362393.19;29112422.69;4249970.5;12.7388;REGULAR
01/01/2026;MDP;MOCK-01012026000968;PT. PERMATA OTOMOTIF;FERNANDO;53208692.7;46430540.64;6778152.06;12.7388;REGULAR
01/01/2026;MDP;MOCK-01012026000969;CV. WANA PERSADA;WULANDARI;35341327.25;29615391.19;5725936.06;16.2018;REGULAR
01/01/2026;MDP;MOCK-01012026000970;CV. KARYA MEDIA;TEJAKUSUMA;36636029.78;30700328.43;5935701.35;16.2018;REGULAR
01/01/2026;MDP;MOCK-01012026000971;PT. WANA SAMUDRA;WULANDARI;69992919.47;62228805.93;7764113.54;11.0927;REGULAR
01/01/2026;MDP;MOCK-01012026000972;CV. SENTOSA FURNITURE;WIJAYA;89155597.79;79265823.38;9889774.41;11.0927;REGULAR
01/01/2026;MDP;MOCK-01012026000973;PT. AGUNG USAHA;SANTOSO;10588961.26;10006629.37;582331.89;5.4994;REGULAR
01/01/2026;MDP;MOCK-01012026000974;CV. KARYA FURNITURE;SANTOSO;16153318.98;15264979.46;888339.52;5.4994;REGULAR
01/01/2026;MDP;MOCK-01012026000975;CV. MUTIARA MEDIA;KUSUMA;43135271.49;34689243.99;8446027.5;19.5803;REGULAR
01/01/2026;MDP;MOCK-01012026000976;PT. KARTIKA PERKASA;SANTOSO;112355046.82;90355560.5;21999486.32;19.5803;REGULAR
01/01/2026;MDP;MOCK-01012026000977;PT. MUTIARA BANGUNAN;TEJAKUSUMA;66566369.13;60010526.08;6555843.05;9.8486;REGULAR
01/01/2026;MDP;MOCK-01012026000978;PT. JAYA TAMBANG;WULANDARI;66219964.7;59698237.57;6521727.13;9.8486;REGULAR
01/01/2026;MDP;MOCK-01012026000979;PT. WANA BUANA;WIJAYA;43778543.49;38316757.87;5461785.62;12.4759;REGULAR
01/01/2026;MDP;MOCK-01012026000980;PT. BAHARI PERKASA;PRASETYO;118268727.54;103513589.88;14755137.66;12.4759;REGULAR
01/01/2026;MDP;MOCK-01012026000981;PT. MULIA BERKAT;WIJAYA;16026973.84;14141036.12;1885937.72;11.7673;NEW CUSTOMER
01/01/2026;MDP;MOCK-01012026000982;PT. SAKTI PERSADA;FERNANDO;19160431.22;16905771.02;2254660.2;11.7673;NEW CUSTOMER
01/01/2026;MDP;MOCK-01012026000983;CV. MULIA PANGAN;TEJAKUSUMA;18752619.16;17115734.11;1636885.05;8.7288;NEW THIS MONTH
01/01/2026;MDP;MOCK-01012026000984;CV. MULIA SENTRAL;FERNANDO;16373203.37;14944013.58;1429189.79;8.7288;NEW THIS MONTH
01/01/2026;MDP;MOCK-01012026000985;CV. BINTANG KEUANGAN;TEJAKUSUMA;493211114.67;422004586.91;71206527.76;14.4373;REGULAR
01/01/2026;MDP;MOCK-01012026000986;CV. YASA ELEKTRIK;WULANDARI;313897163.21;268578786.56;45318376.65;14.4373;REGULAR
01/01/2026;MDP;MOCK-01012026000987;CV. CAHAYA PERSADA;WIJAYA;9909231.62;8640726.11;1268505.51;12.8012;REGULAR
01/01/2026;MDP;MOCK-01012026000988;CV. JAYA KESEHATAN;TEJAKUSUMA;20262177.22;17668365.26;2593811.96;12.8012;REGULAR
01/01/2026;MDP;MOCK-01012026000989;PT. ABADI SAMUDRA;SANTOSO;17064954.41;15106436.9;1958517.51;11.4768;REGULAR
01/01/2026;MDP;MOCK-01012026000990;CV. MAJU ENERGI;PRASETYO;11987329.53;10611562.9;1375766.63;11.4768;REGULAR
01/01/2026;MDP;MOCK-01012026000991;CV. SEJAHTERA BUANA;WIJAYA;14537561.68;12659087.14;1878474.54;12.9215;REGULAR
01/01/2026;MDP;MOCK-01012026000992;PT. MULIA DISTRIBUSI;TEJAKUSUMA;12300503.31;10711090.8;1589412.51;12.9215;REGULAR
01/01/2026;MDP;MOCK-01012026000993;PT. GLOBAL TEKSTIL;PRASETYO;1044527.14;803482.41;241044.73;23.0769;REGULAR
01/01/2026;MDP;MOCK-01012026000994;CV. CEMERLANG PROPERTI;PRASETYO;1758846.62;1352958.94;405887.68;23.0769;REGULAR
01/01/2026;MDP;MOCK-01012026000995;CV. INTAN USAHA;TEJAKUSUMA;5638925.66;4957351.18;681574.48;12.087;REGULAR
01/01/2026;MDP;MOCK-01012026000996;PT. KARTIKA ENERGI;SANTOSO;5235198.21;4602422.08;632776.13;12.087;REGULAR
01/01/2026;MDP;MOCK-01012026000997;CV. CEMERLANG TRANSPORT;WULANDARI;4018896.02;3585091.65;433804.37;10.7941;REGULAR
01/01/2026;MDP;MOCK-01012026000998;CV. INDAH TEKNIK;PRASETYO;5913565.46;5275248.25;638317.21;10.7941;REGULAR
01/01/2026;MDP;MOCK-01012026000999;PT. PURI TRANSPORT;KUSUMA;34516855.11;30061477.68;4455377.43;12.9078;REGULAR
01/01/2026;MDP;MOCK-01012026001000;CV. WIRA KONSULTAN;WULANDARI;33776174.81;29416403.14;4359771.67;12.9078;REGULAR
01/01/2026;MDP;MOCK-01012026001001;PT. NUSANTARA TRANSPORT;HADI;71763589.65;65835495.59;5928094.06;8.2606;REGULAR
01/01/2026;MDP;MOCK-01012026001002;PT. SUKSES PERTANIAN;KUSUMA;62754507.93;57570616.95;5183890.98;8.2606;REGULAR
01/01/2026;MDP;MOCK-01012026001003;PT. AGUNG KIMIA;BUDIMAN;12374293.29;10837234.85;1537058.44;12.4214;REGULAR
01/01/2026;MDP;MOCK-01012026001004;PT. YASA PROPERTI;KUSUMA;7419075.12;6497523.34;921551.78;12.4214;REGULAR
01/01/2026;MDP;MOCK-01012026001005;CV. AGUNG INDUSTRI;TEJAKUSUMA;2084772.18;1817542.29;267229.89;12.8182;REGULAR
01/01/2026;MDP;MOCK-01012026001006;CV. ASRI DAGANG;WIJAYA;2196363.22;1914829.38;281533.84;12.8182;REGULAR
01/01/2026;MDP;MOCK-01012026001007;PT. HARMONI PERKASA;KUSUMA;20695451.57;18296089.91;2399361.66;11.5937;REGULAR
01/01/2026;MDP;MOCK-01012026001008;CV. BUDI BANGUNAN;BUDIMAN;18993090.91;16791095.27;2201995.64;11.5937;REGULAR
01/01/2026;MDP;MOCK-01012026001009;CV. JAYA PANGAN;PRASETYO;11998388.19;11028463.27;969924.92;8.0838;REGULAR
01/01/2026;MDP;MOCK-01012026001010;PT. BAHARI SENTRAL;WULANDARI;16318053.85;14998936.07;1319117.78;8.0838;REGULAR
01/01/2026;MDP;MOCK-01012026001011;CV. WANA KONSULTAN;TEJAKUSUMA;31526977.79;27574135.17;3952842.62;12.538;REGULAR
01/01/2026;MDP;MOCK-01012026001012;PT. KARYA TEKSTIL;FERNANDO;72773313.87;63649018.52;9124295.35;12.538;REGULAR
01/01/2026;MDP;MOCK-01012026001013;PT. SENTOSA TRANSPORT;PRASETYO;106710890.93;91224962.88;15485928.05;14.512;REGULAR
01/01/2026;MDP;MOCK-01012026001014;PT. TUNAS LOGISTIK;WULANDARI;87920046.11;75161053.12;12758992.99;14.512;REGULAR
01/01/2026;MDP;MOCK-01012026001015;PT. BAHARI KESEHATAN;TEJAKUSUMA;2397627.87;2114554.75;283073.12;11.8064;REGULAR
01/01/2026;MDP;MOCK-01012026001016;PT. WIRA ANUGRAH;PRASETYO;4799512.02;4232863.26;566648.76;11.8064;REGULAR
01/01/2026;MDP;MOCK-01012026001017;CV. YASA MARITIM;FERNANDO;18461305.22;16141860.4;2319444.82;12.5638;REGULAR
01/01/2026;MDP;MOCK-01012026001018;PT. PURI MEDIA;SANTOSO;11670192.38;10203970.63;1466221.75;12.5638;REGULAR
01/01/2026;MDP;MOCK-01012026001019;PT. TUNAS DAGANG;KUSUMA;1403989.2;1153276.85;250712.35;17.8571;REGULAR
01/01/2026;MDP;MOCK-01012026001020;PT. BERSAMA OTOMOTIF;KUSUMA;2952191.66;2425014.58;527177.08;17.8571;REGULAR
01/01/2026;MDP;MOCK-01012026001021;CV. MULIA NIAGA;KUSUMA;8220174.2;6482059.55;1738114.65;21.1445;NEW CUSTOMER
01/01/2026;MDP;MOCK-01012026001022;CV. SUKSES OTOMOTIF;WIJAYA;8876637.91;6999717.3;1876920.61;21.1445;NEW CUSTOMER
01/01/2026;MDP;MOCK-01012026001023;PT. CAHAYA DIRGANTARA;WIJAYA;1663621.57;1381578.3;282043.27;16.9536;REGULAR
01/01/2026;MDP;MOCK-01012026001024;PT. PERMATA EDUKASI;WIJAYA;4035413.57;3351266.84;684146.73;16.9536;REGULAR
01/01/2026;MDP;MOCK-01012026001025;PT. ABADI PERSADA;WIJAYA;2344098.59;1999589.35;344509.24;14.6969;REGULAR
01/01/2026;MDP;MOCK-01012026001026;CV. ASRI SENTRAL;SANTOSO;2465980.5;2103558.42;362422.08;14.6969;REGULAR
01/01/2026;MDP;MOCK-01012026001027;CV. PRIMA ENERGI;PRASETYO;8010179.58;7450428.23;559751.35;6.988;REGULAR
01/01/2026;MDP;MOCK-01012026001028;CV. MANDIRI KREASI;HADI;7444794.12;6924551.91;520242.21;6.988;REGULAR
01/01/2026;MDP;MOCK-01012026001029;PT. YASA BUANA;PRASETYO;2559281.4;2249942.18;309339.22;12.087;REGULAR
01/01/2026;MDP;MOCK-01012026001030;CV. AGUNG BANGUNAN;HADI;4008395.59;3523902.56;484493.03;12.087;REGULAR
01/01/2026;MDP;MOCK-01012026001031;PT. INDAH PERSADA;FERNANDO;5049960.42;4340981.98;708978.44;14.0393;REGULAR
01/01/2026;MDP;MOCK-01012026001032;CV. KARTIKA KIMIA;TEJAKUSUMA;5680990.88;4883420.26;797570.62;14.0393;REGULAR
01/02/2026;EXPORT FCL;MOCK-01022026001033;PT. AGUNG KEUANGAN;PRASETYO;61909342.08;51300372.07;10608970.01;17.1363;REGULAR
01/02/2026;EXPORT FCL;MOCK-01022026001034;CV. SAKTI INDUSTRI;HADI;67956672.77;56311414.09;11645258.68;17.1363;REGULAR
01/02/2026;EXPORT FCL;MOCK-01022026001035;PT. BUDI SENTRAL;WULANDARI;4373156.84;2797301.13;1575855.71;36.0347;REGULAR
01/02/2026;EXPORT FCL;MOCK-01022026001036;PT. BERKAH ELEKTRIK;FERNANDO;9450649.08;6045132.24;3405516.84;36.0347;REGULAR
01/02/2026;EXPORT FCL;MOCK-01022026001037;CV. INDAH TAMBANG;KUSUMA;36872061.94;34024065.34;2847996.6;7.724;REGULAR
01/02/2026;EXPORT FCL;MOCK-01022026001038;CV. NUSANTARA DAGANG;BUDIMAN;24693836.7;22786485.74;1907350.96;7.724;REGULAR
01/02/2026;EXPORT FCL;MOCK-01022026001039;PT. WANA BUANA;PRASETYO;5635976.53;4481141.94;1154834.59;20.4904;NEW CUSTOMER
01/02/2026;EXPORT FCL;MOCK-01022026001040;PT. SEJAHTERA PANGAN;BUDIMAN;6107785.92;4856275.65;1251510.27;20.4904;NEW CUSTOMER
01/02/2026;EXPORT LCL;MOCK-01022026001041;CV. AGUNG TELKOM;TEJAKUSUMA;24579928.4;19737018.18;4842910.22;19.7027;REGULAR
01/02/2026;EXPORT LCL;MOCK-01022026001042;CV. BERKAH OTOMOTIF;TEJAKUSUMA;19749760.57;15858523.96;3891236.61;19.7027;REGULAR
01/02/2026;IMPORT FCL;MOCK-01022026001043;PT. KARYA BERKAT;SANTOSO;3690753.97;3214204.85;476549.12;12.912;REGULAR
01/02/2026;IMPORT FCL;MOCK-01022026001044;PT. MITRA TAMBANG;PRASETYO;5046581.99;4394968.73;651613.26;12.912;REGULAR
01/02/2026;IMPORT FCL;MOCK-01022026001045;PT. SEJATI PERKASA;FERNANDO;5700413.03;4060548.14;1639864.89;28.7675;REGULAR
01/02/2026;IMPORT FCL;MOCK-01022026001046;CV. WANA DIRGANTARA;WULANDARI;5459438.0;3888895.54;1570542.46;28.7675;REGULAR
01/02/2026;IMPORT FCL;MOCK-01022026001047;PT. SARI PROPERTI;SANTOSO;3386859.77;3060188.08;326671.69;9.6453;REGULAR
01/02/2026;IMPORT FCL;MOCK-01022026001048;CV. CAHAYA PROPERTI;WIJAYA;3134053.76;2831765.88;302287.88;9.6453;REGULAR
01/02/2026;IMPORT FCL;MOCK-01022026001049;PT. SAKTI FURNITURE;TEJAKUSUMA;627334.65;95755.81;531578.84;84.7361;REGULAR
01/02/2026;IMPORT FCL;MOCK-01022026001050;PT. HARMONI MEDIA;WIJAYA;587154.02;89622.68;497531.34;84.7361;REGULAR
01/02/2026;MDP;MOCK-01022026001051;PT. YASA OTOMOTIF;WIJAYA;1966389.34;1514440.23;451949.11;22.9837;REGULAR
01/02/2026;MDP;MOCK-01022026001052;PT. KARYA SAMUDRA;TEJAKUSUMA;1395788.87;1074984.89;320803.98;22.9837;REGULAR
01/02/2026;MDP;MOCK-01022026001053;CV. TUNAS EDUKASI;FERNANDO;4822251.69;3797479.15;1024772.54;21.2509;REGULAR
01/02/2026;MDP;MOCK-01022026001054;PT. SAKTI KONSULTAN;TEJAKUSUMA;6952134.54;5474742.43;1477392.11;21.2509;REGULAR
01/02/2026;MDP;MOCK-01022026001055;CV. CEMERLANG TELKOM;BUDIMAN;604864.45;264628.2;340236.25;56.25;REGULAR
01/02/2026;MDP;MOCK-01022026001056;PT. ASRI TAMBANG;WULANDARI;846103.64;370170.34;475933.3;56.25;REGULAR
01/02/2026;MDP;MOCK-01022026001057;PT. GADING DAGANG;TEJAKUSUMA;49590821.58;44393538.37;5197283.21;10.4803;REGULAR
01/02/2026;MDP;MOCK-01022026001058;CV. BINTANG TEKNIK;BUDIMAN;51606224.17;46197720.06;5408504.11;10.4803;REGULAR
01/02/2026;MDP;MOCK-01022026001059;CV. JAYA BANGUNAN;WIJAYA;13478531.77;12114464.64;1364067.13;10.1203;REGULAR
01/02/2026;MDP;MOCK-01022026001060;PT. PURI OTOMOTIF;SANTOSO;14159349.57;12726381.67;1432967.9;10.1203;REGULAR
01/02/2026;MDP;MOCK-01022026001061;CV. BUDI KONSULTAN;FERNANDO;2296923.11;1621357.5;675565.61;29.4118;REGULAR
01/02/2026;MDP;MOCK-01022026001062;PT. MANDIRI TAMBANG;KUSUMA;1358398.69;958869.66;399529.03;29.4118;REGULAR
01/02/2026;MDP;MOCK-01022026001063;CV. TUNAS USAHA;BUDIMAN;16527156.67;14754604.38;1772552.29;10.7251;REGULAR
01/02/2026;MDP;MOCK-01022026001064;PT. MAJU KREASI;SANTOSO;11328682.57;10113671.26;1215011.31;10.7251;REGULAR
01/02/2026;MDP;MOCK-01022026001065;CV. WIRA LOGISTIK;TEJAKUSUMA;10652090.58;9359208.01;1292882.57;12.1374;REGULAR
01/02/2026;MDP;MOCK-01022026001066;CV. GADING TAMBANG;TEJAKUSUMA;8364351.16;7349139.75;1015211.41;12.1374;REGULAR
01/02/2026;MDP;MOCK-01022026001067;PT. HARMONI BUANA;WIJAYA;22135520.3;19643798.56;2491721.74;11.2567;REGULAR
01/02/2026;MDP;MOCK-01022026001068;PT. MANDIRI USAHA;FERNANDO;9307196.4;8259516.33;1047680.07;11.2567;REGULAR
01/02/2026;MDP;MOCK-01022026001069;CV. ABADI KONSULTAN;SANTOSO;49661187.61;43450373.26;6210814.35;12.5064;REGULAR
01/02/2026;MDP;MOCK-01022026001070;CV. KENCANA BANGUNAN;SANTOSO;25911031.01;22670500.3;3240530.71;12.5064;REGULAR
01/02/2026;MDP;MOCK-01022026001071;PT. BINTANG SAMUDRA;WIJAYA;9626780.5;8369429.35;1257351.15;13.061;REGULAR
01/02/2026;MDP;MOCK-01022026001072;CV. DAYA TEKSTIL;SANTOSO;8428896.04;7328000.25;1100895.79;13.061;REGULAR
01/02/2026;MDP;MOCK-01022026001073;CV. CAHAYA TEKSTIL;HADI;213029921.1;191983414.09;21046507.01;9.8796;REGULAR
01/02/2026;MDP;MOCK-01022026001074;CV. YASA PERKASA;KUSUMA;156645125.1;141169211.18;15475913.92;9.8796;REGULAR
01/02/2026;MDP;MOCK-01022026001075;PT. MITRA KIMIA;WIJAYA;14620725.14;13117324.13;1503401.01;10.2827;REGULAR
01/02/2026;MDP;MOCK-01022026001076;PT. SEJATI TRANSPORT;BUDIMAN;17142575.05;15379860.52;1762714.53;10.2827;REGULAR
01/02/2026;MDP;MOCK-01022026001077;PT. INTAN SAMUDRA;HADI;1114301.02;645121.65;469179.37;42.1053;REGULAR
01/02/2026;MDP;MOCK-01022026001078;CV. GLOBAL MEDIA;WULANDARI;1434127.88;830284.57;603843.31;42.1053;REGULAR
01/02/2026;MDP;MOCK-01022026001079;CV. SAKTI DIRGANTARA;TEJAKUSUMA;66919269.33;57882937.32;9036332.01;13.5033;REGULAR
01/02/2026;MDP;MOCK-01022026001080;PT. TUNAS DAGANG;SANTOSO;31628892.14;27357937.41;4270954.73;13.5033;REGULAR
01/02/2026;MDP;MOCK-01022026001081;CV. SENTOSA ANUGRAH;HADI;20289950.88;18835711.13;1454239.75;7.1673;REGULAR
01/02/2026;MDP;MOCK-01022026001082;CV. PRIMA ANUGRAH;SANTOSO;25319527.21;23504803.1;1814724.11;7.1673;REGULAR
01/02/2026;MDP;MOCK-01022026001083;CV. GLOBAL PERKASA;KUSUMA;137939116.94;124776355.49;13162761.45;9.5424;REGULAR
01/02/2026;MDP;MOCK-01022026001084;CV. MAJU TEKNIK;WULANDARI;145019361.73;131180971.96;13838389.77;9.5424;REGULAR
01/02/2026;MDP;MOCK-01022026001085;PT. BERKAH DAGANG;WULANDARI;21484612.84;19685898.03;1798714.81;8.3721;REGULAR
01/02/2026;MDP;MOCK-01022026001086;CV. INTAN DISTRIBUSI;FERNANDO;15809455.2;14485870.67;1323584.53;8.3721;REGULAR
01/02/2026;MDP;MOCK-01022026001087;CV. WIRA KIMIA;TEJAKUSUMA;4897206.91;4343670.74;553536.17;11.3031;REGULAR
01/02/2026;MDP;MOCK-01022026001088;CV. MANDIRI MEDIA;KUSUMA;4061751.56;3602647.74;459103.82;11.3031;REGULAR
01/02/2026;MDP;MOCK-01022026001089;CV. YASA KEUANGAN;SANTOSO;19529725.48;17704830.42;1824895.06;9.3442;REGULAR
01/02/2026;MDP;MOCK-01022026001090;CV. PRIMA PERKASA;FERNANDO;21520510.75;19509592.9;2010917.85;9.3442;REGULAR
01/02/2026;MDP;MOCK-01022026001091;PT. KENCANA OTOMOTIF;WIJAYA;4103279.23;3334467.62;768811.61;18.7365;REGULAR
01/02/2026;MDP;MOCK-01022026001092;CV. BERKAH TEKNIK;KUSUMA;3684090.01;2993819.85;690270.16;18.7365;REGULAR
01/02/2026;MDP;MOCK-01022026001093;CV. ABADI BUANA;HADI;5028078.52;4345018.8;683059.72;13.5849;REGULAR
01/02/2026;MDP;MOCK-01022026001094;PT. JAYA KESEHATAN;KUSUMA;6136368.68;5302748.78;833619.9;13.5849;REGULAR
01/02/2026;MDP;MOCK-01022026001095;CV. BERKAH TEKNIK;WULANDARI;4999719.83;4248666.2;751053.63;15.0219;NEW CUSTOMER
01/02/2026;MDP;MOCK-01022026001096;PT. CEMERLANG KESEHATAN;WIJAYA;2042522.35;1735696.39;306825.96;15.0219;NEW CUSTOMER
01/02/2026;MDP;MOCK-01022026001097;CV. PERMATA KONSULTAN;PRASETYO;20600014.43;18425768.74;2174245.69;10.5546;REGULAR
01/02/2026;MDP;MOCK-01022026001098;CV. SAKTI ENERGI;WULANDARI;15773879.77;14109012.49;1664867.28;10.5546;REGULAR
01/02/2026;MDP;MOCK-01022026001099;PT. SAKTI INDUSTRI;PRASETYO;692913.56;106602.08;586311.48;84.6154;NEW CUSTOMER
01/02/2026;MDP;MOCK-01022026001100;CV. PURI MEDIA;BUDIMAN;285246.56;43884.08;241362.48;84.6154;NEW CUSTOMER
01/02/2026;MDP;MOCK-01022026001101;PT. KARTIKA BANGUNAN;WULANDARI;59241623.64;53642673.93;5598949.71;9.451;REGULAR
01/02/2026;MDP;MOCK-01022026001102;PT. MULIA MEDIA;KUSUMA;32012980.06;28987420.42;3025559.64;9.451;REGULAR
01/02/2026;MDP;MOCK-01022026001103;CV. SEJATI ELEKTRIK;PRASETYO;67661671.03;63601152.97;4060518.06;6.0012;REGULAR
01/02/2026;MDP;MOCK-01022026001104;CV. WIRA ELEKTRIK;TEJAKUSUMA;114418754.71;107552246.48;6866508.23;6.0012;REGULAR
01/02/2026;MDP;MOCK-01022026001105;CV. NUSANTARA SENTRAL;KUSUMA;30383521.69;26134794.79;4248726.9;13.9837;REGULAR
01/02/2026;MDP;MOCK-01022026001106;PT. SEJATI KEUANGAN;WULANDARI;51888493.58;44632585.56;7255908.02;13.9837;REGULAR
01/02/2026;MDP;MOCK-01022026001107;CV. NUSANTARA SAMUDRA;PRASETYO;2852500.11;2567011.55;285488.56;10.0084;REGULAR
01/02/2026;MDP;MOCK-01022026001108;CV. WANA KIMIA;WIJAYA;4009914.1;3608587.35;401326.75;10.0084;REGULAR
01/02/2026;MDP;MOCK-01022026001109;PT. SEJAHTERA MARITIM;SANTOSO;712709.26;451382.53;261326.73;36.6667;NEW CUSTOMER
01/02/2026;MDP;MOCK-01022026001110;PT. CEMERLANG PERTANIAN;HADI;798639.98;505805.33;292834.65;36.6667;NEW CUSTOMER
01/02/2026;MDP;MOCK-01022026001111;CV. WANA PANGAN;KUSUMA;2342603.18;1830158.73;512444.45;21.875;REGULAR
01/02/2026;MDP;MOCK-01022026001112;PT. WIRA BANGUNAN;TEJAKUSUMA;3005298.76;2347889.65;657409.11;21.875;REGULAR
01/02/2026;MDP;MOCK-01022026001113;PT. GADING FURNITURE;TEJAKUSUMA;2950178.43;2704639.3;245539.13;8.3229;NEW CUSTOMER
01/02/2026;MDP;MOCK-01022026001114;CV. INTAN BERKAT;PRASETYO;2343427.09;2148387.0;195040.09;8.3229;NEW CUSTOMER
01/02/2026;MDP;MOCK-01022026001115;CV. JAYA PROPERTI;FERNANDO;25064590.83;22072736.15;2991854.68;11.9366;REGULAR
01/02/2026;MDP;MOCK-01022026001116;CV. CAHAYA EDUKASI;TEJAKUSUMA;11079269.35;9756783.62;1322485.73;11.9366;REGULAR
01/02/2026;MDP;MOCK-01022026001117;CV. SENTOSA PANGAN;TEJAKUSUMA;13459942.45;12152701.63;1307240.82;9.7121;REGULAR
01/02/2026;MDP;MOCK-01022026001118;PT. TUNAS PANGAN;FERNANDO;14113978.55;12743217.19;1370761.36;9.7121;REGULAR
01/02/2026;MDP;MOCK-01022026001119;CV. MULIA ELEKTRIK;WIJAYA;34409106.57;31550899.69;2858206.88;8.3065;REGULAR
01/02/2026;MDP;MOCK-01022026001120;CV. WIRA EDUKASI;HADI;32645458.11;29933749.44;2711708.67;8.3065;REGULAR
01/02/2026;MDP;MOCK-01022026001121;PT. WANA PERSADA;WIJAYA;14541756.35;12899093.25;1642663.1;11.2962;REGULAR
01/02/2026;MDP;MOCK-01022026001122;CV. PURI PERKASA;WULANDARI;15627783.73;13862441.01;1765342.72;11.2962;REGULAR
01/02/2026;MDP;MOCK-01022026001123;CV. SARI KIMIA;WIJAYA;1650382.37;1237786.78;412595.59;25.0;REGULAR
01/02/2026;MDP;MOCK-01022026001124;PT. BERSAMA DIRGANTARA;BUDIMAN;1509452.09;1132089.07;377363.02;25.0;REGULAR
01/02/2026;MDP;MOCK-01022026001125;CV. CAHAYA FURNITURE;TEJAKUSUMA;9248606.75;8135533.28;1113073.47;12.035;REGULAR
01/02/2026;MDP;MOCK-01022026001126;CV. BERSAMA FURNITURE;HADI;11317166.04;9955140.66;1362025.38;12.035;REGULAR
01/02/2026;MDP;MOCK-01022026001127;PT. CEMERLANG ANUGRAH;FERNANDO;4164050.09;3253164.14;910885.95;21.875;REGULAR
01/02/2026;MDP;MOCK-01022026001128;PT. NUSANTARA KONSULTAN;TEJAKUSUMA;3095451.57;2418321.54;677130.03;21.875;REGULAR
01/02/2026;MDP;MOCK-01022026001129;CV. WANA KESEHATAN;PRASETYO;76851196.11;69390022.83;7461173.28;9.7086;REGULAR
01/02/2026;MDP;MOCK-01022026001130;CV. BAHARI ENERGI;HADI;132625469.7;119749396.71;12876072.99;9.7086;REGULAR
01/02/2026;MDP;MOCK-01022026001131;CV. CEMERLANG LOGISTIK;WIJAYA;12868135.26;11199641.66;1668493.6;12.9661;REGULAR
01/02/2026;MDP;MOCK-01022026001132;PT. TUNAS TRANSPORT;WULANDARI;19939485.81;17354114.75;2585371.06;12.9661;REGULAR
01/02/2026;MDP;MOCK-01022026001133;PT. MAJU PANGAN;BUDIMAN;19569975.51;17119733.05;2450242.46;12.5204;REGULAR
01/02/2026;MDP;MOCK-01022026001134;PT. HARMONI PERTANIAN;HADI;16176640.08;14151257.35;2025382.73;12.5204;REGULAR
01/02/2026;MDP;MOCK-01022026001135;CV. ASRI OTOMOTIF;HADI;5798064.02;4689474.17;1108589.85;19.12;NEW CUSTOMER
01/02/2026;MDP;MOCK-01022026001136;PT. INTAN INDUSTRI;PRASETYO;5855221.39;4735703.05;1119518.34;19.12;NEW CUSTOMER
01/02/2026;MDP;MOCK-01022026001137;CV. INDAH KONSULTAN;KUSUMA;10587632.63;8958766.07;1628866.56;15.3846;REGULAR
01/02/2026;MDP;MOCK-01022026001138;PT. AGUNG LOGISTIK;BUDIMAN;8119586.2;6870419.09;1249167.11;15.3846;REGULAR
01/02/2026;MDP;MOCK-01022026001139;PT. MUTIARA PERTANIAN;FERNANDO;3178388.99;2906765.94;271623.05;8.5459;REGULAR
01/02/2026;MDP;MOCK-01022026001140;CV. GADING PERTANIAN;FERNANDO;5188346.47;4744953.78;443392.69;8.5459;REGULAR
01/02/2026;MDP;MOCK-01022026001141;CV. YASA KESEHATAN;HADI;22913440.16;20714429.91;2199010.25;9.597;REGULAR
01/02/2026;MDP;MOCK-01022026001142;PT. SARI LOGISTIK;TEJAKUSUMA;36080497.35;32617840.37;3462656.98;9.597;REGULAR
01/02/2026;MDP;MOCK-01022026001143;PT. PERMATA BUANA;HADI;50803982.85;44668221.21;6135761.64;12.0773;REGULAR
01/02/2026;MDP;MOCK-01022026001144;CV. ABADI DISTRIBUSI;TEJAKUSUMA;42909264.95;37726973.98;5182290.97;12.0773;REGULAR
01/02/2026;MDP;MOCK-01022026001145;PT. DAYA MARITIM;BUDIMAN;29737524.33;26379723.61;3357800.72;11.2915;REGULAR
01/02/2026;MDP;MOCK-01022026001146;CV. GADING MEDIA;BUDIMAN;47395562.96;42043911.84;5351651.12;11.2915;REGULAR
01/02/2026;MDP;MOCK-01022026001147;PT. HARMONI MARITIM;BUDIMAN;15661878.92;13497256.04;2164622.88;13.821;REGULAR
01/02/2026;MDP;MOCK-01022026001148;CV. WANA TRANSPORT;WULANDARI;13690500.22;11798340.91;1892159.31;13.821;REGULAR
01/02/2026;MDP;MOCK-01022026001149;PT. INTAN EDUKASI;WIJAYA;25789502.97;22711721.56;3077781.41;11.9342;REGULAR
01/02/2026;MDP;MOCK-01022026001150;CV. INDAH PANGAN;KUSUMA;14475459.58;12747923.36;1727536.22;11.9342;REGULAR
01/02/2026;MDP;MOCK-01022026001151;PT. KARTIKA ENERGI;KUSUMA;1754584.12;1611710.84;142873.28;8.1429;NEW THIS MONTH
01/02/2026;MDP;MOCK-01022026001152;CV. DAYA SENTRAL;SANTOSO;3613816.03;3319548.14;294267.89;8.1429;NEW THIS MONTH
01/02/2026;MDP;MOCK-01022026001153;CV. WANA NIAGA;KUSUMA;11552317.89;9732827.83;1819490.06;15.75;NEW CUSTOMER
01/02/2026;MDP;MOCK-01022026001154;PT. PERMATA PERKASA;KUSUMA;8822383.39;7432858.01;1389525.38;15.75;NEW CUSTOMER
01/02/2026;MDP;MOCK-01022026001155;CV. MITRA KREASI;SANTOSO;5117818.64;4599213.02;518605.62;10.1333;REGULAR
01/02/2026;MDP;MOCK-01022026001156;PT. DAYA KONSULTAN;TEJAKUSUMA;3585632.6;3222288.5;363344.1;10.1333;REGULAR
01/02/2026;MDP;MOCK-01022026001157;PT. GLOBAL PERSADA;TEJAKUSUMA;3078481.84;1853397.47;1225084.37;39.7951;REGULAR
01/02/2026;MDP;MOCK-01022026001158;PT. KENCANA BANGUNAN;FERNANDO;4953829.41;2982448.94;1971380.47;39.7951;REGULAR
01/03/2026;EXPORT AF;MOCK-01032026001159;PT. MUTIARA TAMBANG;HADI;4213001.45;2416964.01;1796037.44;42.6308;REGULAR
01/03/2026;EXPORT AF;MOCK-01032026001160;CV. BINTANG ANUGRAH;WULANDARI;3164690.63;1815556.78;1349133.85;42.6308;REGULAR
01/03/2026;EXPORT AF;MOCK-01032026001161;CV. SENTOSA TRANSPORT;FERNANDO;33366756.28;29242829.54;4123926.74;12.3594;REGULAR
01/03/2026;EXPORT AF;MOCK-01032026001162;CV. BAHARI MARITIM;WIJAYA;25393692.02;22255187.19;3138504.83;12.3594;REGULAR
01/03/2026;EXPORT FCL;MOCK-01032026001163;CV. INTAN KREASI;FERNANDO;49411275.8;40635131.3;8776144.5;17.7614;REGULAR
01/03/2026;EXPORT FCL;MOCK-01032026001164;CV. MAJU SAMUDRA;TEJAKUSUMA;42293444.93;34781528.3;7511916.63;17.7614;REGULAR
01/03/2026;EXPORT FCL;MOCK-01032026001165;CV. SAKTI DISTRIBUSI;BUDIMAN;50770584.1;45144008.79;5626575.31;11.0824;REGULAR
01/03/2026;EXPORT FCL;MOCK-01032026001166;CV. SARI BUANA;WULANDARI;27586634.68;24529386.46;3057248.22;11.0824;REGULAR
01/03/2026;EXPORT FCL;MOCK-01032026001167;PT. GLOBAL PROPERTI;TEJAKUSUMA;34561121.41;30015162.86;4545958.55;13.1534;REGULAR
01/03/2026;EXPORT FCL;MOCK-01032026001168;PT. DAYA DAGANG;WIJAYA;22732347.48;19742273.52;2990073.96;13.1534;REGULAR
01/03/2026;MDP;MOCK-01032026001169;PT. CAHAYA LOGISTIK;SANTOSO;37272217.9;33521468.03;3750749.87;10.0631;REGULAR
01/03/2026;MDP;MOCK-01032026001170;PT. INDAH FURNITURE;WIJAYA;16902561.68;15201635.77;1700925.91;10.0631;REGULAR
01/03/2026;MDP;MOCK-01032026001171;CV. PRIMA BERKAT;KUSUMA;20284798.25;18518805.13;1765993.12;8.706;REGULAR
01/03/2026;MDP;MOCK-01032026001172;PT. SEJAHTERA BANGUNAN;SANTOSO;38808278.05;35429632.08;3378645.97;8.706;REGULAR
01/03/2026;MDP;MOCK-01032026001173;PT. KARTIKA TEKNIK;BUDIMAN;44821869.21;40259860.08;4562009.13;10.1781;REGULAR
01/03/2026;MDP;MOCK-01032026001174;PT. PURI USAHA;BUDIMAN;91392694.59;82090666.02;9302028.57;10.1781;REGULAR
01/03/2026;MDP;MOCK-01032026001175;CV. TUNAS EDUKASI;BUDIMAN;11482868.19;6913445.85;4569422.34;39.7934;REGULAR
01/03/2026;MDP;MOCK-01032026001176;CV. SARI ELEKTRIK;KUSUMA;6674919.91;4018743.11;2656176.8;39.7934;REGULAR
01/03/2026;MDP;MOCK-01032026001177;PT. MITRA TRANSPORT;HADI;12454982.56;10733583.71;1721398.85;13.821;REGULAR
01/03/2026;MDP;MOCK-01032026001178;PT. GLOBAL KREASI;FERNANDO;13183625.18;11361520.89;1822104.29;13.821;REGULAR
01/03/2026;MDP;MOCK-01032026001179;CV. KARYA PROPERTI;FERNANDO;681249.96;529802.84;151447.12;22.2308;REGULAR
01/03/2026;MDP;MOCK-01032026001180;PT. NUSANTARA KEUANGAN;HADI;427243.96;332264.34;94979.62;22.2308;REGULAR
01/03/2026;MDP;MOCK-01032026001181;PT. DELIMA KREASI;BUDIMAN;306939.24;241419.51;65519.73;21.3462;REGULAR
01/03/2026;MDP;MOCK-01032026001182;PT. BUDI KREASI;TEJAKUSUMA;297702.21;234154.24;63547.97;21.3462;REGULAR
01/03/2026;MDP;MOCK-01032026001183;CV. NUSANTARA LOGISTIK;SANTOSO;4401557.39;3843930.38;557627.01;12.6689;REGULAR
01/03/2026;MDP;MOCK-01032026001184;CV. NUSANTARA KIMIA;HADI;4061537.9;3546987.47;514550.43;12.6689;REGULAR
01/03/2026;MDP;MOCK-01032026001185;CV. INTAN PERTANIAN;HADI;63530178.71;55820849.28;7709329.43;12.1349;REGULAR
01/03/2026;MDP;MOCK-01032026001186;PT. WIRA BERKAT;SANTOSO;41804726.13;36731760.62;5072965.51;12.1349;REGULAR
01/03/2026;MDP;MOCK-01032026001187;CV. SENTOSA KEUANGAN;WULANDARI;11236997.36;9411887.53;1825109.83;16.242;REGULAR
01/03/2026;MDP;MOCK-01032026001188;CV. ASRI TRANSPORT;BUDIMAN;11667305.7;9772305.32;1895000.38;16.242;REGULAR
01/03/2026;MDP;MOCK-01032026001189;CV. CEMERLANG EDUKASI;KUSUMA;11817526.24;10636463.84;1181062.4;9.9942;REGULAR
01/03/2026;MDP;MOCK-01032026001190;PT. YASA DISTRIBUSI;HADI;11950770.45;10756391.42;1194379.03;9.9942;REGULAR
01/03/2026;MDP;MOCK-01032026001191;CV. PURI FURNITURE;WULANDARI;37380902.8;34093506.58;3287396.22;8.7943;REGULAR
01/03/2026;MDP;MOCK-01032026001192;CV. KARYA INDUSTRI;SANTOSO;26262887.51;23953245.14;2309642.37;8.7943;REGULAR
01/03/2026;MDP;MOCK-01032026001193;PT. MUTIARA OTOMOTIF;BUDIMAN;5752435.81;5060991.72;691444.09;12.02;REGULAR
01/03/2026;MDP;MOCK-01032026001194;CV. MUTIARA KEUANGAN;TEJAKUSUMA;6525967.33;5741544.57;784422.76;12.02;REGULAR
01/03/2026;MDP;MOCK-01032026001195;PT. ABADI KIMIA;SANTOSO;817308.82;721154.84;96153.98;11.7647;REGULAR
01/03/2026;MDP;MOCK-01032026001196;PT. ASRI TEKNIK;PRASETYO;1275258.05;1125227.69;150030.36;11.7647;REGULAR
01/03/2026;MDP;MOCK-01032026001197;CV. WIRA KONSULTAN;PRASETYO;6151526.06;5349153.09;802372.97;13.0435;REGULAR
01/03/2026;MDP;MOCK-01032026001198;PT. NUSANTARA DIRGANTARA;SANTOSO;4193161.56;3646227.44;546934.12;13.0435;REGULAR
01/03/2026;MDP;MOCK-01032026001199;PT. HARMONI INDUSTRI;SANTOSO;36721296.63;33013015.88;3708280.75;10.0984;REGULAR
01/03/2026;MDP;MOCK-01032026001200;PT. BAHARI FURNITURE;TEJAKUSUMA;60700209.25;54570430.66;6129778.59;10.0984;REGULAR
01/03/2026;MDP;MOCK-01032026001201;PT. MULIA TEKNIK;TEJAKUSUMA;47647975.1;42603637.13;5044337.97;10.5867;REGULAR
01/03/2026;MDP;MOCK-01032026001202;PT. BERSAMA DAGANG;HADI;36437010.86;32579541.63;3857469.23;10.5867;REGULAR
01/03/2026;MDP;MOCK-01032026001203;CV. CAHAYA TEKNIK;WIJAYA;2079736.11;1663788.89;415947.22;20.0;REGULAR
01/03/2026;MDP;MOCK-01032026001204;PT. ABADI USAHA;WULANDARI;1837908.14;1470326.51;367581.63;20.0;REGULAR
01/03/2026;MDP;MOCK-01032026001205;CV. NUSANTARA TAMBANG;FERNANDO;95717823.65;90596912.76;5120910.89;5.35;NEW CUSTOMER
01/03/2026;MDP;MOCK-01032026001206;PT. DELIMA PERSADA;SANTOSO;50677167.5;47965935.16;2711232.34;5.35;NEW CUSTOMER
01/03/2026;MDP;MOCK-01032026001207;CV. BINTANG NIAGA;TEJAKUSUMA;48513709.0;43039478.19;5474230.81;11.2839;NEW CUSTOMER
01/03/2026;MDP;MOCK-01032026001208;PT. BERKAH BANGUNAN;KUSUMA;76541430.71;67904584.2;8636846.51;11.2839;NEW CUSTOMER
01/03/2026;MDP;MOCK-01032026001209;CV. AGUNG ANUGRAH;FERNANDO;61719062.66;54659400.29;7059662.37;11.4384;REGULAR
01/03/2026;MDP;MOCK-01032026001210;CV. INDAH PERSADA;FERNANDO;60133197.11;53254932.1;6878265.01;11.4384;REGULAR
01/03/2026;MDP;MOCK-01032026001211;PT. KARTIKA USAHA;TEJAKUSUMA;66639173.83;60044626.58;6594547.25;9.8959;REGULAR
01/03/2026;MDP;MOCK-01032026001212;PT. BAHARI PANGAN;HADI;30236173.02;27244031.01;2992142.01;9.8959;REGULAR
01/03/2026;MDP;MOCK-01032026001213;PT. KARYA TEKNIK;WIJAYA;26668836.95;24268641.63;2400195.32;9.0;REGULAR
01/03/2026;MDP;MOCK-01032026001214;CV. WIRA TELKOM;PRASETYO;17412424.06;15845305.89;1567118.17;9.0;REGULAR
01/03/2026;MDP;MOCK-01032026001215;PT. MITRA TRANSPORT;PRASETYO;25427555.48;22735621.91;2691933.57;10.5867;REGULAR
01/03/2026;MDP;MOCK-01032026001216;PT. INTAN DIRGANTARA;FERNANDO;27381500.45;24482709.01;2898791.44;10.5867;REGULAR
01/03/2026;MDP;MOCK-01032026001217;PT. MANDIRI TEKSTIL;KUSUMA;636500.07;517156.31;119343.76;18.75;REGULAR
01/03/2026;MDP;MOCK-01032026001218;CV. KENCANA EDUKASI;SANTOSO;542164.08;440508.31;101655.77;18.75;REGULAR
01/03/2026;MDP;MOCK-01032026001219;PT. WIRA USAHA;FERNANDO;88532195.71;81385541.3;7146654.41;8.0724;REGULAR
01/03/2026;MDP;MOCK-01032026001220;CV. PERMATA TEKNIK;BUDIMAN;96079493.93;88323593.0;7755900.93;8.0724;REGULAR
01/03/2026;MDP;MOCK-01032026001221;CV. DAYA ELEKTRIK;HADI;1142100.11;989820.1;152280.01;13.3333;NEW CUSTOMER
01/03/2026;MDP;MOCK-01032026001222;CV. SUKSES TEKNIK;WULANDARI;1189550.36;1030943.65;158606.71;13.3333;NEW CUSTOMER
01/03/2026;MDP;MOCK-01032026001223;PT. INDAH DAGANG;HADI;22258854.08;19681135.17;2577718.91;11.5806;REGULAR
01/03/2026;MDP;MOCK-01032026001224;PT. INTAN DIRGANTARA;SANTOSO;22244835.07;19668739.65;2576095.42;11.5806;REGULAR
01/03/2026;MDP;MOCK-01032026001225;PT. SEJATI EDUKASI;FERNANDO;2140596.09;1865640.21;274955.88;12.8448;REGULAR
01/03/2026;MDP;MOCK-01032026001226;PT. GADING DAGANG;WULANDARI;3559631.8;3102403.23;457228.57;12.8448;REGULAR
01/03/2026;MDP;MOCK-01032026001227;PT. KENCANA INDUSTRI;SANTOSO;37563655.35;34499987.56;3063667.79;8.1559;REGULAR
01/03/2026;MDP;MOCK-01032026001228;PT. MITRA INDUSTRI;BUDIMAN;42587248.51;39113859.65;3473388.86;8.1559;REGULAR
01/03/2026;MDP;MOCK-01032026001229;CV. INDAH SENTRAL;WULANDARI;387899.59;267799.91;120099.68;30.9615;REGULAR
01/03/2026;MDP;MOCK-01032026001230;CV. KARTIKA SENTRAL;FERNANDO;580955.47;401082.72;179872.75;30.9615;REGULAR
01/03/2026;MDP;MOCK-01032026001231;PT. CEMERLANG TAMBANG;WIJAYA;16283962.81;15101234.89;1182727.92;7.2631;REGULAR
01/03/2026;MDP;MOCK-01032026001232;PT. DAYA MARITIM;TEJAKUSUMA;12826342.25;11894746.34;931595.91;7.2631;REGULAR
01/03/2026;MDP;MOCK-01032026001233;CV. HARMONI PERSADA;WULANDARI;12769885.85;8045596.7;4724289.15;36.9955;REGULAR
01/03/2026;MDP;MOCK-01032026001234;PT. DAYA KONSULTAN;SANTOSO;12544669.91;7903700.63;4640969.28;36.9955;REGULAR
01/04/2026;EXPORT AF;MOCK-01042026001235;PT. ABADI MARITIM;WIJAYA;2709798.47;979549.01;1730249.46;63.8516;REGULAR
01/04/2026;EXPORT AF;MOCK-01042026001236;CV. INTAN FURNITURE;TEJAKUSUMA;5054194.15;1827010.74;3227183.41;63.8516;REGULAR
01/04/2026;EXPORT FCL;MOCK-01042026001237;PT. YASA LOGISTIK;HADI;4906199.16;3612465.19;1293733.97;26.3694;REGULAR
01/04/2026;EXPORT FCL;MOCK-01042026001238;PT. PRIMA SAMUDRA;PRASETYO;3883315.92;2859309.85;1024006.07;26.3694;REGULAR
01/04/2026;EXPORT FCL;MOCK-01042026001239;PT. SEJAHTERA MARITIM;KUSUMA;18998023.04;17239998.35;1758024.69;9.2537;REGULAR
01/04/2026;EXPORT FCL;MOCK-01042026001240;CV. BUDI NIAGA;TEJAKUSUMA;27666165.76;25106015.03;2560150.73;9.2537;REGULAR
01/04/2026;EXPORT FCL;MOCK-01042026001241;PT. ASRI USAHA;WULANDARI;54192950.43;46654393.67;7538556.76;13.9106;REGULAR
01/04/2026;EXPORT FCL;MOCK-01042026001242;PT. BERSAMA OTOMOTIF;WULANDARI;49581177.62;42684145.47;6897032.15;13.9106;REGULAR
01/04/2026;IMPORT FCL;MOCK-01042026001243;CV. SARI BUANA;WIJAYA;19151534.96;15378472.12;3773062.84;19.7011;REGULAR
01/04/2026;IMPORT FCL;MOCK-01042026001244;PT. CEMERLANG KIMIA;SANTOSO;18074061.01;14513272.37;3560788.64;19.7011;REGULAR
01/04/2026;IMPORT LCL;MOCK-01042026001245;CV. MANDIRI TEKNIK;HADI;39186154.76;33454978.04;5731176.72;14.6255;REGULAR
01/04/2026;IMPORT LCL;MOCK-01042026001246;PT. JAYA TEKSTIL;FERNANDO;51978912.45;44376729.12;7602183.33;14.6255;REGULAR
01/04/2026;MDP;MOCK-01042026001247;PT. YASA ANUGRAH;FERNANDO;1818693.63;1636824.27;181869.36;10.0;REGULAR
01/04/2026;MDP;MOCK-01042026001248;PT. WIRA TEKNIK;TEJAKUSUMA;1519266.01;1367339.41;151926.6;10.0;REGULAR
01/04/2026;MDP;MOCK-01042026001249;PT. SUKSES ELEKTRIK;WULANDARI;429391.4;105916.55;323474.85;75.3333;REGULAR
01/04/2026;MDP;MOCK-01042026001250;CV. MITRA TRANSPORT;BUDIMAN;268094.91;66130.08;201964.83;75.3333;REGULAR
01/04/2026;MDP;MOCK-01042026001251;CV. MUTIARA TELKOM;WIJAYA;50080878.89;44302797.49;5778081.4;11.5375;REGULAR
01/04/2026;MDP;MOCK-01042026001252;CV. WIRA KEUANGAN;KUSUMA;35858419.57;31721254.41;4137165.16;11.5375;REGULAR
01/04/2026;MDP;MOCK-01042026001253;CV. BERSAMA DAGANG;TEJAKUSUMA;18647293.59;16992927.1;1654366.49;8.8719;REGULAR
01/04/2026;MDP;MOCK-01042026001254;CV. BERKAH SAMUDRA;BUDIMAN;19347586.04;17631090.41;1716495.63;8.8719;REGULAR
01/04/2026;MDP;MOCK-01042026001255;CV. SENTOSA KONSULTAN;TEJAKUSUMA;22826339.18;18425312.29;4401026.89;19.2805;REGULAR
01/04/2026;MDP;MOCK-01042026001256;PT. SAKTI NIAGA;KUSUMA;32161781.33;25960836.73;6200944.6;19.2805;REGULAR
01/04/2026;MDP;MOCK-01042026001257;PT. INTAN PANGAN;HADI;16949082.59;15214113.32;1734969.27;10.2364;REGULAR
01/04/2026;MDP;MOCK-01042026001258;PT. TUNAS DAGANG;BUDIMAN;9374315.34;8414726.58;959588.76;10.2364;REGULAR
01/04/2026;MDP;MOCK-01042026001259;PT. SAKTI KIMIA;HADI;22688096.34;34519013.54;-11830917.2;-52.1459;REGULAR
01/04/2026;MDP;MOCK-01042026001260;CV. MUTIARA MEDIA;WIJAYA;19881315.03;30248610.21;-10367295.18;-52.1459;REGULAR
01/04/2026;MDP;MOCK-01042026001261;CV. BUDI INDUSTRI;KUSUMA;73533756.61;65333663.99;8200092.62;11.1515;REGULAR
01/04/2026;MDP;MOCK-01042026001262;CV. SUKSES MARITIM;WULANDARI;160997301.05;143043740.12;17953560.93;11.1515;REGULAR
01/04/2026;MDP;MOCK-01042026001263;PT. NUSANTARA PANGAN;KUSUMA;15785617.14;13872948.54;1912668.6;12.1165;REGULAR
01/04/2026;MDP;MOCK-01042026001264;PT. WANA SENTRAL;WIJAYA;12967107.23;11395944.15;1571163.08;12.1165;REGULAR
01/04/2026;MDP;MOCK-01042026001265;PT. NUSANTARA SENTRAL;PRASETYO;29253700.57;26367958.82;2885741.75;9.8645;REGULAR
01/04/2026;MDP;MOCK-01042026001266;CV. BUDI INDUSTRI;TEJAKUSUMA;36057869.02;32500927.65;3556941.37;9.8645;REGULAR
01/04/2026;MDP;MOCK-01042026001267;PT. SEJATI DISTRIBUSI;WULANDARI;72150606.06;63428691.11;8721914.95;12.0885;REGULAR
01/04/2026;MDP;MOCK-01042026001268;PT. JAYA KESEHATAN;WIJAYA;72025790.14;63318963.55;8706826.59;12.0885;REGULAR
01/04/2026;MDP;MOCK-01042026001269;CV. SENTOSA NIAGA;HADI;7238643.41;5308338.49;1930304.92;26.6667;REGULAR
01/04/2026;MDP;MOCK-01042026001270;PT. GADING ELEKTRIK;FERNANDO;2550825.2;1870605.14;680220.06;26.6667;REGULAR
01/04/2026;MDP;MOCK-01042026001271;CV. TUNAS MARITIM;KUSUMA;7349557.31;6461219.5;888337.81;12.087;REGULAR
01/04/2026;MDP;MOCK-01042026001272;PT. BUDI KESEHATAN;WULANDARI;5946972.54;5228164.54;718808.0;12.087;REGULAR
01/04/2026;MDP;MOCK-01042026001273;CV. ABADI INDUSTRI;WIJAYA;9333684.33;8471559.06;862125.27;9.2367;REGULAR
01/04/2026;MDP;MOCK-01042026001274;PT. ASRI BERKAT;TEJAKUSUMA;12972849.42;11774585.05;1198264.37;9.2367;REGULAR
01/04/2026;MDP;MOCK-01042026001275;CV. MANDIRI DAGANG;WIJAYA;29630028.51;26742429.38;2887599.13;9.7455;REGULAR
01/04/2026;MDP;MOCK-01042026001276;CV. KARYA NIAGA;BUDIMAN;42606726.6;38454481.29;4152245.31;9.7455;REGULAR
01/04/2026;MDP;MOCK-01042026001277;CV. CEMERLANG TELKOM;HADI;12501711.19;10812412.34;1689298.85;13.5125;REGULAR
01/04/2026;MDP;MOCK-01042026001278;CV. KARTIKA TELKOM;SANTOSO;25355311.41;21929164.55;3426146.86;13.5125;REGULAR
01/04/2026;MDP;MOCK-01042026001279;CV. ASRI KONSULTAN;HADI;50625985.02;46420679.81;4205305.21;8.3066;REGULAR
01/04/2026;MDP;MOCK-01042026001280;CV. MAJU SAMUDRA;WULANDARI;49562099.75;45445167.38;4116932.37;8.3066;REGULAR
01/04/2026;MDP;MOCK-01042026001281;CV. YASA BANGUNAN;PRASETYO;24384696.32;21326930.36;3057765.96;12.5397;REGULAR
01/04/2026;MDP;MOCK-01042026001282;CV. INDAH KESEHATAN;KUSUMA;13182621.41;11529561.21;1653060.2;12.5397;REGULAR
01/04/2026;MDP;MOCK-01042026001283;CV. INDAH INDUSTRI;BUDIMAN;26838373.88;24689734.86;2148639.02;8.0058;REGULAR
01/04/2026;MDP;MOCK-01042026001284;CV. INTAN MEDIA;WULANDARI;23605810.57;21715965.61;1889844.96;8.0058;REGULAR
01/04/2026;MDP;MOCK-01042026001285;CV. CEMERLANG LOGISTIK;HADI;79709743.7;72326429.41;7383314.29;9.2628;REGULAR
01/04/2026;MDP;MOCK-01042026001286;CV. INDAH USAHA;WIJAYA;67342757.06;61104965.83;6237791.23;9.2628;REGULAR
01/04/2026;MDP;MOCK-01042026001287;PT. KARYA USAHA;HADI;62518626.37;56714870.21;5803756.16;9.2832;REGULAR
01/04/2026;MDP;MOCK-01042026001288;CV. ABADI ENERGI;KUSUMA;78724124.76;71415972.77;7308151.99;9.2832;REGULAR
01/04/2026;MDP;MOCK-01042026001289;CV. SUKSES NIAGA;SANTOSO;3623763.43;3098579.32;525184.11;14.4928;REGULAR
01/04/2026;MDP;MOCK-01042026001290;CV. INTAN TEKNIK;KUSUMA;5081708.51;4345227.6;736480.91;14.4928;REGULAR
01/04/2026;MDP;MOCK-01042026001291;CV. HARMONI NIAGA;BUDIMAN;9081382.05;7812672.17;1268709.88;13.9704;REGULAR
01/04/2026;MDP;MOCK-01042026001292;CV. BERSAMA TEKSTIL;TEJAKUSUMA;7651418.92;6582481.31;1068937.61;13.9704;REGULAR
01/04/2026;MDP;MOCK-01042026001293;CV. INTAN TEKNIK;WULANDARI;51712696.21;46246690.53;5466005.68;10.5699;REGULAR
01/04/2026;MDP;MOCK-01042026001294;PT. GLOBAL SENTRAL;SANTOSO;33000137.23;29512039.51;3488097.72;10.5699;REGULAR
01/04/2026;MDP;MOCK-01042026001295;CV. AGUNG PANGAN;FERNANDO;855613.64;708094.05;147519.59;17.2414;REGULAR
01/04/2026;MDP;MOCK-01042026001296;CV. INDAH PANGAN;SANTOSO;1222329.53;1011583.07;210746.46;17.2414;REGULAR
01/04/2026;MDP;MOCK-01042026001297;PT. PERMATA DAGANG;FERNANDO;9874184.85;9155241.15;718943.7;7.281;REGULAR
01/04/2026;MDP;MOCK-01042026001298;PT. WIRA ELEKTRIK;WULANDARI;10359291.28;9605026.77;754264.51;7.281;REGULAR
01/04/2026;MDP;MOCK-01042026001299;CV. MITRA TEKSTIL;BUDIMAN;48413642.21;43668259.5;4745382.71;9.8017;REGULAR
01/04/2026;MDP;MOCK-01042026001300;CV. NUSANTARA LOGISTIK;FERNANDO;47653118.48;42982280.38;4670838.1;9.8017;REGULAR
01/04/2026;MDP;MOCK-01042026001301;CV. MUTIARA TAMBANG;WULANDARI;1302625.49;1038998.9;263626.59;20.2381;REGULAR
01/04/2026;MDP;MOCK-01042026001302;PT. MULIA ANUGRAH;FERNANDO;919857.38;733695.77;186161.61;20.2381;REGULAR
01/04/2026;MDP;MOCK-01042026001303;PT. YASA MEDIA;WIJAYA;19337795.44;17287074.03;2050721.41;10.6047;REGULAR
01/04/2026;MDP;MOCK-01042026001304;PT. INDAH EDUKASI;BUDIMAN;9833036.72;8790269.52;1042767.2;10.6047;REGULAR
01/04/2026;MDP;MOCK-01042026001305;PT. SEJAHTERA MARITIM;WULANDARI;33164355.2;30335069.15;2829286.05;8.5311;REGULAR
01/04/2026;MDP;MOCK-01042026001306;CV. AGUNG KESEHATAN;WIJAYA;51635661.21;47230568.6;4405092.61;8.5311;REGULAR
01/04/2026;MDP;MOCK-01042026001307;CV. BERKAH ENERGI;SANTOSO;22605570.98;18596967.14;4008603.84;17.7328;NEW CUSTOMER
01/04/2026;MDP;MOCK-01042026001308;PT. SUKSES INDUSTRI;FERNANDO;21580829.98;17753941.56;3826888.42;17.7328;NEW CUSTOMER
01/04/2026;MDP;MOCK-01042026001309;CV. AGUNG ANUGRAH;FERNANDO;6812913.24;5989439.39;823473.85;12.087;REGULAR
01/04/2026;MDP;MOCK-01042026001310;CV. SENTOSA PERKASA;SANTOSO;5863420.44;5154711.36;708709.08;12.087;REGULAR
01/04/2026;MDP;MOCK-01042026001311;CV. ABADI DAGANG;BUDIMAN;157669.74;52556.58;105113.16;66.6667;REGULAR
01/04/2026;MDP;MOCK-01042026001312;PT. INTAN TEKNIK;KUSUMA;160773.7;53591.23;107182.47;66.6667;REGULAR
01/04/2026;MDP;MOCK-01042026001313;CV. MAJU FURNITURE;BUDIMAN;61019751.05;56358359.18;4661391.87;7.6392;REGULAR
01/04/2026;MDP;MOCK-01042026001314;PT. DAYA DAGANG;FERNANDO;50299174.1;46456743.46;3842430.64;7.6392;REGULAR
01/04/2026;MDP;MOCK-01042026001315;PT. CEMERLANG KONSULTAN;KUSUMA;33910178.98;30679646.66;3230532.32;9.5267;REGULAR
01/04/2026;MDP;MOCK-01042026001316;CV. PRIMA SENTRAL;WIJAYA;29978244.99;27122297.53;2855947.46;9.5267;REGULAR
01/04/2026;MDP;MOCK-01042026001317;PT. PERMATA PERKASA;BUDIMAN;24491623.3;22803150.71;1688472.59;6.8941;REGULAR
01/04/2026;MDP;MOCK-01042026001318;PT. SAKTI ANUGRAH;PRASETYO;27176844.6;25303250.65;1873593.95;6.8941;REGULAR
01/04/2026;MDP;MOCK-01042026001319;PT. WIRA LOGISTIK;BUDIMAN;8651979.05;7669376.87;982602.18;11.357;REGULAR
01/04/2026;MDP;MOCK-01042026001320;CV. JAYA USAHA;TEJAKUSUMA;7128978.33;6319342.8;809635.53;11.357;REGULAR
01/04/2026;MDP;MOCK-01042026001321;PT. BERKAH PANGAN;HADI;19660637.93;18271060.26;1389577.67;7.0678;REGULAR
01/04/2026;MDP;MOCK-01042026001322;PT. INDAH TEKNIK;WULANDARI;13267811.71;12330067.22;937744.49;7.0678;REGULAR
01/04/2026;MDP;MOCK-01042026001323;PT. SAKTI INDUSTRI;TEJAKUSUMA;13946796.19;8390356.94;5556439.25;39.8403;REGULAR
01/04/2026;MDP;MOCK-01042026001324;CV. YASA DISTRIBUSI;BUDIMAN;9149804.04;5504498.72;3645305.32;39.8403;REGULAR
01/04/2026;MDP;MOCK-01042026001325;PT. PURI SAMUDRA;TEJAKUSUMA;38257418.37;35338960.22;2918458.15;7.6285;REGULAR
01/04/2026;MDP;MOCK-01042026001326;CV. DELIMA BERKAT;WIJAYA;31543626.34;29137328.24;2406298.1;7.6285;REGULAR
01/04/2026;MDP;MOCK-01042026001327;CV. KARYA PERKASA;TEJAKUSUMA;25144295.99;23205811.13;1938484.86;7.7094;REGULAR
01/04/2026;MDP;MOCK-01042026001328;CV. BERKAH LOGISTIK;TEJAKUSUMA;20479385.89;18900539.56;1578846.33;7.7094;REGULAR
01/04/2026;MDP;MOCK-01042026001329;CV. DELIMA MEDIA;BUDIMAN;25820479.55;23991283.0;1829196.55;7.0843;REGULAR
01/04/2026;MDP;MOCK-01042026001330;CV. ASRI FURNITURE;FERNANDO;23547599.23;21879420.02;1668179.21;7.0843;REGULAR
01/04/2026;MDP;MOCK-01042026001331;PT. KENCANA DAGANG;HADI;2132936.11;1793616.09;339320.02;15.9086;REGULAR
01/04/2026;MDP;MOCK-01042026001332;CV. MUTIARA BUANA;KUSUMA;4302788.54;3618275.62;684512.92;15.9086;REGULAR
01/04/2026;MDP;MOCK-01042026001333;CV. PRIMA MARITIM;HADI;7776775.46;6858619.57;918155.89;11.8064;REGULAR
01/04/2026;MDP;MOCK-01042026001334;CV. NUSANTARA EDUKASI;BUDIMAN;3252811.38;2868772.01;384039.37;11.8064;REGULAR
01/04/2026;MDP;MOCK-01042026001335;CV. MUTIARA BERKAT;FERNANDO;582532.82;417481.85;165050.97;28.3333;REGULAR
01/04/2026;MDP;MOCK-01042026001336;PT. BERSAMA DIRGANTARA;SANTOSO;1618826.69;1160159.13;458667.56;28.3333;REGULAR
01/04/2026;MDP;MOCK-01042026001337;CV. KARTIKA ELEKTRIK;FERNANDO;1931928.03;1534640.83;397287.2;20.5643;REGULAR
01/04/2026;MDP;MOCK-01042026001338;PT. BERSAMA MEDIA;TEJAKUSUMA;3111125.42;2471344.7;639780.72;20.5643;REGULAR
01/04/2026;MDP;MOCK-01042026001339;PT. TUNAS DIRGANTARA;TEJAKUSUMA;5452112.78;4960877.41;491235.37;9.01;NEW CUSTOMER
01/04/2026;MDP;MOCK-01042026001340;CV. WIRA KEUANGAN;SANTOSO;7881841.17;7171687.28;710153.89;9.01;NEW CUSTOMER
01/04/2026;MDP;MOCK-01042026001341;PT. SARI TEKNIK;HADI;4853910.83;4267220.74;586690.09;12.087;REGULAR
01/04/2026;MDP;MOCK-01042026001342;CV. DELIMA EDUKASI;SANTOSO;2722252.07;2393214.64;329037.43;12.087;REGULAR
01/05/2026;EXPORT FCL;MOCK-01052026001343;CV. BINTANG DIRGANTARA;HADI;3077285.59;2725749.28;351536.31;11.4236;NEW CUSTOMER
01/05/2026;EXPORT FCL;MOCK-01052026001344;CV. MUTIARA TEKNIK;TEJAKUSUMA;5626413.36;4983675.3;642738.06;11.4236;NEW CUSTOMER
01/05/2026;EXPORT LCL;MOCK-01052026001345;CV. INTAN SENTRAL;WIJAYA;999829.0;405336.08;594492.92;59.4595;REGULAR
01/05/2026;EXPORT LCL;MOCK-01052026001346;CV. MUTIARA OTOMOTIF;WULANDARI;2278512.88;923721.44;1354791.44;59.4595;REGULAR
01/05/2026;EXPORT LCL;MOCK-01052026001347;CV. CAHAYA TRANSPORT;SANTOSO;8948107.84;7015024.77;1933083.07;21.6033;NEW CUSTOMER
01/05/2026;EXPORT LCL;MOCK-01052026001348;PT. JAYA PANGAN;SANTOSO;10381909.54;8139078.55;2242830.99;21.6033;NEW CUSTOMER
01/05/2026;IMPORT FCL;MOCK-01052026001349;CV. PURI FURNITURE;HADI;170978008.03;142558496.23;28419511.8;16.6217;REGULAR
01/05/2026;IMPORT FCL;MOCK-01052026001350;CV. INDAH PANGAN;SANTOSO;234926511.34;195877648.63;39048862.71;16.6217;REGULAR
01/05/2026;IMPORT FCL;MOCK-01052026001351;PT. HARMONI ENERGI;BUDIMAN;13010601.58;7114674.88;5895926.7;45.3163;REGULAR
01/05/2026;IMPORT FCL;MOCK-01052026001352;PT. BAHARI TEKNIK;WULANDARI;6178600.9;3378685.94;2799914.96;45.3163;REGULAR
01/05/2026;IMPORT FCL;MOCK-01052026001353;CV. ABADI EDUKASI;HADI;18806697.63;14919607.13;3887090.5;20.6686;REGULAR
01/05/2026;IMPORT FCL;MOCK-01052026001354;CV. MITRA NIAGA;TEJAKUSUMA;19157807.16;15198147.06;3959660.1;20.6686;REGULAR
01/05/2026;IMPORT FCL;MOCK-01052026001355;CV. PURI OTOMOTIF;WULANDARI;3866015.05;2545912.35;1320102.7;34.1463;REGULAR
01/05/2026;IMPORT FCL;MOCK-01052026001356;CV. MULIA ANUGRAH;WULANDARI;3592764.33;2365966.75;1226797.58;34.1463;REGULAR
01/05/2026;MDP;MOCK-01052026001357;CV. BINTANG ENERGI;WULANDARI;14176900.82;11315211.12;2861689.7;20.1856;REGULAR
01/05/2026;MDP;MOCK-01052026001358;PT. MUTIARA PERKASA;WIJAYA;6889377.72;5498716.85;1390660.87;20.1856;REGULAR
01/05/2026;MDP;MOCK-01052026001359;CV. MANDIRI ENERGI;HADI;49422732.0;46259573.7;3163158.3;6.4002;REGULAR
01/05/2026;MDP;MOCK-01052026001360;PT. DAYA FURNITURE;WULANDARI;29297653.92;27422542.74;1875111.18;6.4002;REGULAR
01/05/2026;MDP;MOCK-01052026001361;CV. SARI ANUGRAH;WULANDARI;49791049.89;47457688.37;2333361.52;4.6863;NEW THIS MONTH
01/05/2026;MDP;MOCK-01052026001362;CV. PERMATA ENERGI;HADI;44710880.44;42615591.26;2095289.18;4.6863;NEW THIS MONTH
01/05/2026;MDP;MOCK-01052026001363;CV. KARYA TAMBANG;HADI;4030572.05;3588346.27;442225.78;10.9718;REGULAR
01/05/2026;MDP;MOCK-01052026001364;CV. YASA USAHA;SANTOSO;6050937.42;5387041.46;663895.96;10.9718;REGULAR
01/05/2026;MDP;MOCK-01052026001365;PT. BUDI DIRGANTARA;PRASETYO;82415889.06;75147584.14;7268304.92;8.8191;REGULAR
01/05/2026;MDP;MOCK-01052026001366;CV. MITRA KEUANGAN;HADI;101857480.03;92874609.97;8982870.06;8.8191;REGULAR
01/05/2026;MDP;MOCK-01052026001367;PT. SAKTI DAGANG;WULANDARI;91531989.44;83210536.56;8321452.88;9.0913;REGULAR
01/05/2026;MDP;MOCK-01052026001368;PT. NUSANTARA ENERGI;HADI;86565283.44;78695368.98;7869914.46;9.0913;REGULAR
01/05/2026;MDP;MOCK-01052026001369;PT. SEJATI TAMBANG;KUSUMA;52634726.64;47504859.32;5129867.32;9.7462;REGULAR
01/05/2026;MDP;MOCK-01052026001370;PT. GLOBAL PERSADA;HADI;29364326.31;26502430.6;2861895.71;9.7462;REGULAR
01/05/2026;MDP;MOCK-01052026001371;PT. KARYA NIAGA;PRASETYO;28349244.98;25551497.9;2797747.08;9.8689;REGULAR
01/05/2026;MDP;MOCK-01052026001372;CV. GADING DIRGANTARA;WIJAYA;32594891.78;29378147.8;3216743.98;9.8689;REGULAR
01/05/2026;MDP;MOCK-01052026001373;CV. ABADI DAGANG;FERNANDO;14318374.54;13066383.41;1251991.13;8.7439;REGULAR
01/05/2026;MDP;MOCK-01052026001374;PT. GLOBAL BUANA;WIJAYA;12526025.28;11430756.23;1095269.05;8.7439;REGULAR
01/05/2026;MDP;MOCK-01052026001375;PT. MUTIARA NIAGA;SANTOSO;58250925.62;51563844.27;6687081.35;11.4798;REGULAR
01/05/2026;MDP;MOCK-01052026001376;PT. CAHAYA ENERGI;BUDIMAN;60007166.36;53118472.35;6888694.01;11.4798;REGULAR
01/05/2026;MDP;MOCK-01052026001377;CV. JAYA BANGUNAN;HADI;20970956.5;17970609.1;3000347.4;14.3072;REGULAR
01/05/2026;MDP;MOCK-01052026001378;PT. HARMONI TEKNIK;WIJAYA;20822349.8;17843263.79;2979086.01;14.3072;REGULAR
01/05/2026;MDP;MOCK-01052026001379;CV. MUTIARA BANGUNAN;PRASETYO;45977637.72;41693521.59;4284116.13;9.3178;REGULAR
01/05/2026;MDP;MOCK-01052026001380;CV. KENCANA OTOMOTIF;PRASETYO;60010569.4;54418889.16;5591680.24;9.3178;REGULAR
01/05/2026;MDP;MOCK-01052026001381;PT. NUSANTARA FURNITURE;FERNANDO;2293453.96;1781197.73;512256.23;22.3356;REGULAR
01/05/2026;MDP;MOCK-01052026001382;CV. DELIMA TAMBANG;KUSUMA;4377132.67;3399474.72;977657.95;22.3356;REGULAR
01/05/2026;MDP;MOCK-01052026001383;PT. MUTIARA KEUANGAN;WULANDARI;51197151.78;44854404.02;6342747.76;12.3889;REGULAR
01/05/2026;MDP;MOCK-01052026001384;PT. CAHAYA KEUANGAN;HADI;41604715.72;36450362.24;5154353.48;12.3889;REGULAR
01/05/2026;MDP;MOCK-01052026001385;PT. MITRA KONSULTAN;WULANDARI;2725158.16;1886647.96;838510.2;30.7692;REGULAR
01/05/2026;MDP;MOCK-01052026001386;CV. BAHARI NIAGA;SANTOSO;3748609.88;2595191.45;1153418.43;30.7692;REGULAR
01/05/2026;MDP;MOCK-01052026001387;PT. HARMONI KREASI;WIJAYA;69809317.28;61585001.71;8224315.57;11.7811;REGULAR
01/05/2026;MDP;MOCK-01052026001388;CV. SENTOSA KEUANGAN;PRASETYO;107129499.74;94508450.76;12621048.98;11.7811;REGULAR
01/05/2026;MDP;MOCK-01052026001389;CV. MAJU PROPERTI;KUSUMA;32083226.79;29798737.51;2284489.28;7.1205;REGULAR
01/05/2026;MDP;MOCK-01052026001390;PT. BAHARI ANUGRAH;FERNANDO;56719962.21;52681211.78;4038750.43;7.1205;REGULAR
01/05/2026;MDP;MOCK-01052026001391;CV. INDAH DISTRIBUSI;KUSUMA;67507671.98;57283681.1;10223990.88;15.1449;REGULAR
01/05/2026;MDP;MOCK-01052026001392;CV. INTAN TAMBANG;WULANDARI;60143599.44;51034892.32;9108707.12;15.1449;REGULAR
01/05/2026;MDP;MOCK-01052026001393;PT. BINTANG KREASI;WIJAYA;10725004.72;9448434.69;1276570.03;11.9027;REGULAR
01/05/2026;MDP;MOCK-01052026001394;CV. KARTIKA ELEKTRIK;TEJAKUSUMA;22633078.31;19939120.57;2693957.74;11.9027;REGULAR
01/05/2026;MDP;MOCK-01052026001395;PT. BERKAH KESEHATAN;FERNANDO;8318077.95;7331823.15;986254.8;11.8568;REGULAR
01/05/2026;MDP;MOCK-01052026001396;PT. BAHARI ELEKTRIK;BUDIMAN;10099703.74;8902205.79;1197497.95;11.8568;REGULAR
01/05/2026;MDP;MOCK-01052026001397;PT. SAKTI INDUSTRI;HADI;25646198.96;22932905.34;2713293.62;10.5797;REGULAR
01/05/2026;MDP;MOCK-01052026001398;CV. DELIMA MARITIM;FERNANDO;15091992.28;13495303.18;1596689.1;10.5797;REGULAR
01/05/2026;MDP;MOCK-01052026001399;CV. TUNAS DAGANG;BUDIMAN;98535880.8;87447628.97;11088251.83;11.253;REGULAR
01/05/2026;MDP;MOCK-01052026001400;PT. ASRI OTOMOTIF;PRASETYO;56108525.74;49794628.12;6313897.62;11.253;REGULAR
01/05/2026;MDP;MOCK-01052026001401;PT. YASA BERKAT;BUDIMAN;159208968.72;142651247.65;16557721.07;10.4;REGULAR
01/05/2026;MDP;MOCK-01052026001402;PT. GLOBAL SENTRAL;SANTOSO;97313720.83;87193101.0;10120619.83;10.4;REGULAR
01/05/2026;MDP;MOCK-01052026001403;CV. KARTIKA KREASI;FERNANDO;6994670.59;4208084.08;2786586.51;39.8387;REGULAR
01/05/2026;MDP;MOCK-01052026001404;CV. BINTANG TEKNIK;SANTOSO;14469784.56;8705209.1;5764575.46;39.8387;REGULAR
01/05/2026;MDP;MOCK-01052026001405;CV. GADING DIRGANTARA;BUDIMAN;568899.52;438965.68;129933.84;22.8395;REGULAR
01/05/2026;MDP;MOCK-01052026001406;PT. KARYA BUANA;KUSUMA;978766.81;755221.3;223545.51;22.8395;REGULAR
01/05/2026;MDP;MOCK-01052026001407;CV. AGUNG PERTANIAN;PRASETYO;60987730.88;56655070.7;4332660.18;7.1042;REGULAR
01/05/2026;MDP;MOCK-01052026001408;CV. KARYA TAMBANG;FERNANDO;50367866.95;46789657.89;3578209.06;7.1042;REGULAR
01/05/2026;MDP;MOCK-01052026001409;PT. SEJAHTERA SAMUDRA;KUSUMA;13480950.6;12791270.97;689679.63;5.116;REGULAR
01/05/2026;MDP;MOCK-01052026001410;CV. HARMONI TEKSTIL;TEJAKUSUMA;10736190.96;10186932.06;549258.9;5.116;REGULAR
01/05/2026;MDP;MOCK-01052026001411;CV. AGUNG ELEKTRIK;HADI;6741852.26;6029549.64;712302.62;10.5654;REGULAR
01/05/2026;MDP;MOCK-01052026001412;CV. SARI KREASI;BUDIMAN;3381453.12;3024189.6;357263.52;10.5654;REGULAR
01/05/2026;MDP;MOCK-01052026001413;PT. MANDIRI KIMIA;PRASETYO;15820276.88;13700506.62;2119770.26;13.3991;REGULAR
01/05/2026;MDP;MOCK-01052026001414;CV. KARTIKA DISTRIBUSI;SANTOSO;12280010.71;10634603.26;1645407.45;13.3991;REGULAR
01/05/2026;MDP;MOCK-01052026001415;CV. BAHARI PROPERTI;WULANDARI;1442266.08;0.0;1442266.08;100.0;REGULAR
01/05/2026;MDP;MOCK-01052026001416;PT. DAYA USAHA;KUSUMA;1528103.88;0.0;1528103.88;100.0;REGULAR
01/05/2026;MDP;MOCK-01052026001417;CV. KENCANA EDUKASI;FERNANDO;11552501.91;10213484.86;1339017.05;11.5907;REGULAR
01/05/2026;MDP;MOCK-01052026001418;CV. NUSANTARA KREASI;BUDIMAN;15933741.83;14086907.94;1846833.89;11.5907;REGULAR
01/05/2026;MDP;MOCK-01052026001419;PT. MUTIARA BUANA;WULANDARI;91901018.2;82468511.12;9432507.08;10.2638;REGULAR
01/05/2026;MDP;MOCK-01052026001420;CV. GLOBAL KREASI;WIJAYA;52387137.35;47010243.23;5376894.12;10.2638;REGULAR
01/05/2026;MDP;MOCK-01052026001421;PT. CAHAYA DIRGANTARA;FERNANDO;235009084.43;197506946.4;37502138.03;15.9577;REGULAR
01/05/2026;MDP;MOCK-01052026001422;CV. MANDIRI DAGANG;FERNANDO;123455001.09;103754373.34;19700627.75;15.9577;REGULAR
01/05/2026;MDP;MOCK-01052026001423;PT. ABADI MARITIM;KUSUMA;1124207.99;449683.2;674524.79;60.0;REGULAR
01/05/2026;MDP;MOCK-01052026001424;CV. SARI TEKNIK;TEJAKUSUMA;916220.06;366488.02;549732.04;60.0;REGULAR
01/05/2026;MDP;MOCK-01052026001425;CV. YASA DIRGANTARA;TEJAKUSUMA;4170478.32;3666394.42;504083.9;12.087;REGULAR
01/05/2026;MDP;MOCK-01052026001426;PT. SENTOSA PANGAN;BUDIMAN;2955629.43;2598383.79;357245.64;12.087;REGULAR
01/05/2026;MDP;MOCK-01052026001427;CV. BERKAH SENTRAL;WIJAYA;2289590.56;1761223.51;528367.05;23.0769;REGULAR
01/05/2026;MDP;MOCK-01052026001428;PT. DAYA LOGISTIK;WIJAYA;2193122.87;1687017.6;506105.27;23.0769;REGULAR
01/05/2026;MDP;MOCK-01052026001429;PT. INDAH PERKASA;PRASETYO;5171295.19;4408529.15;762766.04;14.75;REGULAR
01/05/2026;MDP;MOCK-01052026001430;PT. KENCANA NIAGA;KUSUMA;4816793.49;4106316.45;710477.04;14.75;REGULAR
01/05/2026;MDP;MOCK-01052026001431;PT. ASRI TEKSTIL;BUDIMAN;4881450.74;2972727.51;1908723.23;39.1016;REGULAR
01/05/2026;MDP;MOCK-01052026001432;PT. SEJAHTERA BANGUNAN;TEJAKUSUMA;4858529.13;2958768.61;1899760.52;39.1016;REGULAR
01/05/2026;MDP;MOCK-01052026001433;CV. GADING BUANA;SANTOSO;3808351.87;3313000.43;495351.44;13.007;REGULAR
01/05/2026;MDP;MOCK-01052026001434;PT. WANA KESEHATAN;WULANDARI;6645888.17;5781459.04;864429.13;13.007;REGULAR
01/05/2026;MDP;MOCK-01052026001435;PT. SEJATI TRANSPORT;KUSUMA;720818.87;436245.59;284573.28;39.4792;REGULAR
01/05/2026;MDP;MOCK-01052026001436;PT. BERSAMA OTOMOTIF;BUDIMAN;787095.62;476356.83;310738.79;39.4792;REGULAR
01/05/2026;MDP;MOCK-01052026001437;PT. HARMONI PROPERTI;BUDIMAN;2166489.95;1919864.28;246625.67;11.3837;REGULAR
01/05/2026;MDP;MOCK-01052026001438;PT. BINTANG OTOMOTIF;HADI;3267082.41;2895169.12;371913.29;11.3837;REGULAR
01/05/2026;MDP;MOCK-01052026001439;PT. SENTOSA ENERGI;TEJAKUSUMA;6862450.72;6070695.48;791755.24;11.5375;REGULAR
01/05/2026;MDP;MOCK-01052026001440;CV. KARTIKA INDUSTRI;WULANDARI;6147354.55;5438103.53;709251.02;11.5375;REGULAR
01/05/2026;MDP;MOCK-01052026001441;CV. PERMATA DAGANG;TEJAKUSUMA;3903058.06;3407901.92;495156.14;12.6864;REGULAR
01/05/2026;MDP;MOCK-01052026001442;CV. INTAN BUANA;HADI;2436607.52;2127490.63;309116.89;12.6864;REGULAR
